country,year_min,year_max,n_news,n_images_people,male_total,female_total,people_total,female_ratio
AGO,2022,2024,873,873,4591,1110,5701,0.1947026837396948
ALB,2017,2024,27,42,270,102,372,0.27419354838709675
AND,2009,2024,8274,9140,39523,11758,51281,0.2292857003568573
ARE,2024,2024,1,1,1,0,1,0.0
ARG,2015,2024,3517,13058,64601,12529,77130,0.16244003630234669
ARM,2003,2024,4745,32601,170816,22305,193121,0.11549753781308092
AUS,2015,2024,151,285,1144,476,1620,0.2938271604938272
AUT,2018,2024,354,489,2433,899,3332,0.2698079231692677
AZE,2010,2024,2257,7612,39801,4126,43927,0.09392856329819929
BDI,2016,2024,1537,1750,11940,2375,14315,0.1659098847362906
BEL,2020,2024,4,4,9,3,12,0.25
BEN,2019,2024,1811,7952,51779,13166,64945,0.2027253830163985
BFA,2019,2022,512,4678,31788,6810,38598,0.17643401212498058
BGR,2011,2024,3267,6424,31512,10026,41538,0.2413693485483172
BHR,2009,2024,3851,15617,77195,21360,98555,0.2167317741362691
BHS,2015,2024,818,1377,6961,1965,8926,0.22014340129957427
BIH,2012,2024,3443,7530,42459,9778,52237,0.18718532840706778
BLR,2000,2024,1360,3636,18330,2824,21154,0.13349721092937505
BLZ,2019,2024,562,737,4175,955,5130,0.1861598440545809
BOL,2013,2024,2116,7084,39319,9469,48788,0.19408461096991064
BRA,2012,2019,202,415,2217,278,2495,0.11142284569138276
BRN,2015,2024,95,103,380,63,443,0.14221218961625282
BTN,2008,2024,764,1449,7506,1529,9035,0.16923076923076924
CAN,2015,2022,388,396,1894,443,2337,0.18955926401369277
CHE,2012,2024,504,532,2384,455,2839,0.16026769989432899
CHL,2015,2024,602,1587,7847,2420,10267,0.23570663290152918
CHN,2014,2023,38,40,236,19,255,0.07450980392156863
CIV,2007,2024,709,1252,6989,1306,8295,0.1574442435201929
COD,2019,2024,748,5543,37046,8229,45275,0.1817559359469906
COL,2011,2024,7526,17635,106941,37856,144797,0.26144188070194824
COM,2017,2024,393,393,2281,311,2592,0.11998456790123457
CPV,2018,2024,3697,3719,19905,4465,24370,0.18321707016823963
CUB,2017,2024,6839,10344,56365,11956,68321,0.17499743856208194
CYP,2018,2024,932,1236,5151,1025,6176,0.16596502590673576
CZE,2009,2024,983,2050,9244,1344,10588,0.1269361541367586
DEU,2021,2024,345,557,2793,470,3263,0.14403922770456634
DJI,2023,2024,129,129,837,108,945,0.11428571428571428
DNK,2014,2024,29,84,422,121,543,0.22283609576427257
DOM,2020,2024,11048,16200,103906,31041,134947,0.23002363891009062
DZA,2017,2024,1049,1075,4668,452,5120,0.08828125
ECU,2012,2024,4332,4702,29061,6773,35834,0.1890104370151253
EGY,2014,2024,4146,8776,46895,4130,51025,0.08094071533561979
ESP,2011,2024,2441,4489,27429,6580,34009,0.19347819694786675
EST,2008,2024,945,1121,5536,1389,6925,0.20057761732851986
FIN,2019,2024,2259,2423,5840,2724,8564,0.31807566557683326
FJI,2012,2024,7120,17655,97515,23514,121029,0.1942840145750192
FRA,2000,2024,308,483,1479,360,1839,0.19575856443719414
GAB,2014,2024,149,218,1224,199,1423,0.1398453970484891
GBR,2006,2024,7849,9270,34614,8989,43603,0.20615553975643877
GEO,2013,2024,7661,10396,58764,6933,65697,0.1055299328736472
GHA,2015,2024,296,521,2707,1024,3731,0.27445725006700616
GMB,2021,2024,156,348,1636,466,2102,0.22169362511893434
GNQ,2019,2024,7315,17192,97658,19415,117073,0.1658367001785211
GRC,2010,2024,1668,2478,7286,728,8014,0.09084102820064886
GTM,2018,2024,6452,14889,78549,19169,97718,0.1961665199860824
GUY,2017,2024,210,223,868,184,1052,0.17490494296577946
HRV,2003,2024,2764,3663,18447,3928,22375,0.17555307262569833
HUN,2011,2024,3158,7148,33816,3849,37665,0.10219036240541617
IDN,2014,2024,12147,12191,77263,13625,90888,0.14990977906874395
IND,2011,2024,4749,6852,43610,5516,49126,0.11228270162439441
IRL,2023,2023,1,5,9,3,12,0.25
IRN,2013,2024,9691,63616,424665,24450,449115,0.0544403994522561
IRQ,2019,2024,3522,5968,30121,3147,33268,0.09459540699771553
ISL,2018,2024,299,439,2052,639,2691,0.23745819397993312
ISR,2001,2024,1235,1235,5079,678,5757,0.11776967170401251
ITA,2014,2024,660,718,2560,931,3491,0.26668576339157835
JAM,2016,2024,727,797,3856,730,4586,0.1591801133885739
JOR,2021,2024,122,126,564,119,683,0.17423133235724744
JPN,1998,2024,2482,10090,76791,10558,87349,0.12087144672520578
KAZ,2012,2024,1723,5693,44830,6342,51172,0.12393496443367466
KEN,2022,2024,144,158,1484,281,1765,0.15920679886685551
KGZ,2018,2024,9612,45941,266571,48799,315370,0.154735707264483
KHM,2016,2024,4972,39311,314402,62531,376933,0.16589420400973118
KOR,2013,2024,4740,8343,46141,8750,54891,0.15940682443387805
KWT,2023,2024,289,289,1441,294,1735,0.16945244956772335
LBR,2011,2024,1542,1545,3600,736,4336,0.16974169741697417
LKA,2015,2024,34,81,406,83,489,0.16973415132924335
LSO,2023,2024,87,102,547,113,660,0.1712121212121212
LTU,2020,2024,629,640,1756,888,2644,0.3358547655068079
LUX,2018,2024,102,1319,8842,1840,10682,0.17225238719340946
LVA,2015,2024,1741,2356,10278,3256,13534,0.24057928180877788
MAR,2020,2024,1956,2016,5321,659,5980,0.11020066889632107
MDA,2014,2024,2833,26278,116861,30298,147159,0.2058861503543786
MDG,2021,2024,315,396,2726,645,3371,0.19133788193414417
MDV,2009,2024,8449,15288,74596,14209,88805,0.1600022521254434
MEX,2015,2024,3963,14246,77405,21291,98696,0.2157230282888871
MKD,2019,2024,1069,1551,6914,1842,8756,0.2103700319780722
MNE,2012,2024,2379,4139,24393,6503,30896,0.21048032107716208
MNG,2015,2024,636,1512,6978,2178,9156,0.23787680209698558
MOZ,2024,2024,45,45,252,27,279,0.0967741935483871
MRT,2019,2024,1011,1091,7516,735,8251,0.08908011150163617
NER,2021,2024,29,34,219,34,253,0.13438735177865613
NGA,2022,2024,364,364,1494,323,1817,0.17776554760594387
NLD,2011,2024,665,1371,6028,1902,7930,0.2398486759142497
NOR,2021,2024,301,418,1745,408,2153,0.18950301904319555
NPL,2016,2024,50,77,496,90,586,0.15358361774744028
NZL,2002,2024,316,353,1155,260,1415,0.18374558303886926
OMN,2020,2024,1301,2540,13802,2433,16235,0.1498614105327995
PAK,2023,2024,5,11,82,7,89,0.07865168539325842
PAN,2010,2024,9768,16393,82378,38379,120757,0.31782008496401865
PER,2018,2024,7800,31415,177065,68416,245481,0.2787018139896774
PHL,1950,2024,12351,18762,138052,51690,189742,0.27242255272949584
POL,2001,2024,2111,7761,43089,8597,51686,0.16633130828464188
PRK,2017,2019,217,2385,13139,1545,14684,0.10521656224461999
PRT,2016,2024,582,601,3125,619,3744,0.16533119658119658
PRY,2019,2023,863,1570,8326,2599,10925,0.23789473684210527
PSE,2019,2024,176,176,586,97,683,0.14202049780380674
QAT,2012,2024,7518,7518,27128,5836,32964,0.1770416211624803
ROU,2012,2024,2976,8095,42542,5547,48089,0.1153486244255443
RUS,1999,2024,14298,48323,261574,27235,288809,0.09430107787499697
RWA,2017,2024,708,718,4409,618,5027,0.12293614481798289
SAU,2023,2024,29,29,170,20,190,0.10526315789473684
SGP,2007,2024,1386,3305,13470,2517,15987,0.1574404203415275
SLE,2022,2024,196,711,4743,998,5741,0.1738373105730709
SLV,2019,2024,2139,20633,94118,53802,147920,0.36372363439697136
SOM,2024,2024,177,845,4565,561,5126,0.10944206008583691
SRB,2004,2024,6561,14955,69280,12237,81517,0.15011592673920776
SUR,2020,2024,5114,11939,71531,18632,90163,0.2066479598061289
SVK,1970,2024,2556,2713,14113,2333,16446,0.14185820260245652
SVN,2019,2024,3739,4080,17756,5168,22924,0.22544058628511604
SWE,2014,2024,66,93,455,122,577,0.21143847487001732
SYC,2010,2024,2941,2941,13638,2446,16084,0.15207659786122854
SYR,2013,2024,15018,26820,142492,20668,163160,0.1266732042167198
TGO,2024,2024,8,12,144,13,157,0.08280254777070063
TJK,2005,2024,3647,53236,366763,57072,423835,0.13465617516250428
TKM,2016,2024,5703,5703,34854,4804,39658,0.12113571032326391
TLS,2010,2024,2230,3596,20294,3196,23490,0.1360578969774372
TTO,2015,2024,742,1818,6756,1379,8135,0.16951444376152427
TUR,2014,2024,7388,111256,730935,116680,847615,0.13765683712534582
TWN,2007,2024,3224,8675,49031,11861,60892,0.19478749260986664
TZA,2013,2024,1188,2387,15052,3351,18403,0.1820898766505461
UGA,2021,2024,435,1010,7296,1726,9022,0.1913101307913988
UKR,2012,2024,7575,31017,150456,30015,180471,0.16631480958159484
URY,2000,2024,25388,28463,123422,30689,154111,0.19913568791325734
USA,2001,2024,5612,10902,54486,11742,66228,0.17729661170501904
UZB,2016,2024,4314,19571,108061,13716,121777,0.11263210622695582
VCT,2014,2024,131,241,993,300,1293,0.23201856148491878
VEN,2018,2024,834,1612,8560,2293,10853,0.21127798765318345
VNM,2022,2024,10,14,65,5,70,0.07142857142857142
WSM,2014,2024,648,897,4088,1293,5381,0.24028990893885896
XKX,2022,2024,453,588,3135,1352,4487,0.30131490973924674
YEM,2018,2024,26,41,123,23,146,0.15753424657534246
ZAF,2014,2022,18,28,95,11,106,0.10377358490566038
