country,year,n_images_all,n_images_people,n_male,n_female,n_people,female_ratio_totals,female_ratio_meanimg
AGO,2022,338,304,1638,445,2083,0.21363418146903504,0.2214089997204966
AGO,2023,358,300,1531,356,1887,0.1886592474827769,0.21640496975293042
AGO,2024,315,269,1422,309,1731,0.17850953206239167,0.23265297113024622
ALB,2017,14,11,65,15,80,0.1875,0.18469308469308468
ALB,2022,2,2,4,0,4,0.0,0.0
ALB,2024,31,29,201,87,288,0.3020833333333333,0.279381690909689
AND,2009,227,219,994,142,1136,0.125,0.11532559272285299
AND,2010,746,717,3429,525,3954,0.13277693474962063,0.1148391837668947
AND,2011,289,252,1113,206,1319,0.1561789234268385,0.13781851124288097
AND,2012,387,351,1435,311,1746,0.17812142038946163,0.13845217297097376
AND,2013,389,337,1507,332,1839,0.18053289831430125,0.1544867405130517
AND,2014,442,395,1893,405,2298,0.1762402088772846,0.13816223843127476
AND,2015,484,443,1838,443,2281,0.19421306444541866,0.17991331567506186
AND,2016,490,465,2194,646,2840,0.22746478873239437,0.20873667205963264
AND,2017,569,542,2245,682,2927,0.23300307482063545,0.22340656320533908
AND,2018,610,567,2631,789,3420,0.2307017543859649,0.2193515534700267
AND,2019,629,592,2923,964,3887,0.2480061744275791,0.2478082106952076
AND,2020,791,735,2237,685,2922,0.23442847364818617,0.18545677784298947
AND,2021,946,835,2776,960,3736,0.2569593147751606,0.2732375445808976
AND,2022,930,809,3462,1300,4762,0.2729945401091978,0.27786567968925313
AND,2023,968,819,3609,1334,4943,0.2698765931620473,0.2722970263141885
AND,2024,1291,1062,5237,2034,7271,0.2797414385916655,0.3039973335914935
ARE,2024,1,1,1,0,1,0.0,0.0
ARG,2015,284,284,1198,191,1389,0.1375089992800576,0.13838485458203767
ARG,2016,1909,1852,9874,2086,11960,0.17441471571906356,0.1777123677019998
ARG,2017,1910,1841,9231,1612,10843,0.14866734298625842,0.1413832056996536
ARG,2018,1434,1370,6975,1168,8143,0.14343608006877073,0.11305788072207378
ARG,2019,1237,1082,5703,1019,6722,0.15159178815828622,0.12593153283258493
ARG,2020,828,793,3689,594,4283,0.13868783562923184,0.1071653587057617
ARG,2021,1425,1263,5137,921,6058,0.15203037306041597,0.13973994823842903
ARG,2022,1681,1655,7955,1749,9704,0.18023495465787304,0.1811239428788464
ARG,2023,1559,1526,7935,1601,9536,0.16789010067114093,0.15595668979479338
ARG,2024,1671,1392,6904,1588,8492,0.18699952896844088,0.22252481277058772
ARM,2003,2,2,2,0,2,0.0,0.0
ARM,2004,1,1,1,0,1,0.0,0.0
ARM,2005,3,3,7,0,7,0.0,0.0
ARM,2006,1,1,12,0,12,0.0,0.0
ARM,2007,98,97,441,39,480,0.08125,0.07691938645546892
ARM,2008,232,232,944,73,1017,0.07177974434611603,0.05145207402750506
ARM,2009,285,284,1374,100,1474,0.06784260515603799,0.06150213939548632
ARM,2010,123,123,713,47,760,0.06184210526315789,0.04214873083237502
ARM,2014,20,20,154,27,181,0.14917127071823205,0.10256493506493507
ARM,2015,181,171,1003,169,1172,0.14419795221843004,0.09483291162314574
ARM,2016,135,133,737,71,808,0.08787128712871287,0.07205330723464291
ARM,2017,133,132,513,47,560,0.08392857142857142,0.08197972725484687
ARM,2018,5086,5027,27328,3287,30615,0.10736567042299526,0.09669651215023696
ARM,2019,5200,5120,28342,3588,31930,0.1123708111493893,0.10608322143549445
ARM,2020,2998,2906,13916,1724,15640,0.110230179028133,0.10205534555813896
ARM,2021,3301,3233,15054,1608,16662,0.09650702196615052,0.0876119366693544
ARM,2022,4212,4118,21063,2427,23490,0.1033205619412516,0.09395327067758716
ARM,2023,5550,5353,29823,4393,34216,0.12839022679448212,0.1272201860695394
ARM,2024,5783,5645,29389,4705,34094,0.13800082125887253,0.13404795085018686
AUS,2015,1,1,3,0,3,0.0,0.0
AUS,2019,2,1,10,4,14,0.2857142857142857,0.2857142857142857
AUS,2020,11,8,23,6,29,0.20689655172413793,0.08712121212121213
AUS,2021,9,7,19,4,23,0.17391304347826086,0.35000000000000003
AUS,2022,6,3,2,1,3,0.3333333333333333,0.3333333333333333
AUS,2023,3,2,3,1,4,0.25,0.25
AUS,2024,8,7,21,10,31,0.3225806451612903,0.3952380952380952
AUT,2018,119,116,699,187,886,0.2110609480812641,0.22394450238710675
AUT,2019,135,129,720,268,988,0.27125506072874495,0.27667397822380496
AUT,2020,16,16,59,22,81,0.2716049382716049,0.2857589048378522
AUT,2021,42,39,141,41,182,0.22527472527472528,0.2797646797646798
AUT,2022,29,28,116,80,196,0.40816326530612246,0.44066386307927663
AUT,2023,69,65,255,163,418,0.38995215311004783,0.36641089949187117
AUT,2024,105,96,443,138,581,0.23752151462994836,0.21376178265569712
AZE,2010,136,136,750,30,780,0.038461538461538464,0.04192491524238929
AZE,2011,160,160,645,43,688,0.0625,0.05070320304695305
AZE,2012,248,248,1164,69,1233,0.05596107055961071,0.04442769513957947
AZE,2013,257,257,1430,73,1503,0.04856952761144378,0.03429285864670934
AZE,2014,410,410,2571,137,2708,0.050590841949778434,0.05443999549562702
AZE,2015,395,395,2660,409,3069,0.13326816552623005,0.09612352257184772
AZE,2016,428,428,1871,205,2076,0.098747591522158,0.07179583046848455
AZE,2017,433,433,2185,137,2322,0.05900086132644272,0.05062560201980898
AZE,2018,556,554,2903,280,3183,0.08796732642161482,0.08103133521230799
AZE,2019,839,834,4245,390,4635,0.08414239482200647,0.07098285473566672
AZE,2020,612,611,2302,284,2586,0.10982211910286156,0.09818812289087633
AZE,2021,699,688,3400,394,3794,0.10384818133895625,0.10317635632865986
AZE,2022,1158,1150,6604,1047,7651,0.1368448568814534,0.12686694239513
AZE,2023,585,582,3230,293,3523,0.08316775475447062,0.06847187923920307
AZE,2024,745,726,3841,335,4176,0.08022030651340996,0.06768530477639938
BDI,2015,1,0,0,0,0,,
BDI,2016,6,5,18,7,25,0.28,0.2777777777777778
BDI,2017,375,371,2819,425,3244,0.13101109741060418,0.11367587145922413
BDI,2018,196,191,1598,300,1898,0.15806111696522657,0.1428371571349617
BDI,2019,74,74,555,129,684,0.18859649122807018,0.16844793928772256
BDI,2020,136,135,1003,214,1217,0.17584223500410848,0.17001643758781704
BDI,2021,242,242,1480,306,1786,0.1713325867861142,0.17735748710645086
BDI,2022,266,266,1460,345,1805,0.19113573407202217,0.17665233326605218
BDI,2023,248,247,1514,356,1870,0.19037433155080213,0.1688084620068739
BDI,2024,221,219,1493,293,1786,0.16405375139977604,0.13056396792878408
BEL,2020,4,1,1,1,2,0.5,0.5
BEL,2021,19,2,8,1,9,0.1111111111111111,0.07142857142857142
BEL,2022,11,0,0,0,0,,
BEL,2023,7,0,0,0,0,,
BEL,2024,3,1,0,1,1,1.0,1.0
BEN,2019,195,170,1061,262,1323,0.1980347694633409,0.18832558354048065
BEN,2020,711,530,2757,651,3408,0.19102112676056338,0.21978731233088838
BEN,2021,1524,1369,8105,1782,9887,0.1802366744209568,0.1939448052469254
BEN,2022,1728,1608,10608,2412,13020,0.18525345622119815,0.18166881997879683
BEN,2023,2192,2068,14592,3634,18226,0.1993854932513991,0.20162235561401795
BEN,2024,2406,2207,14656,4425,19081,0.2319060845867617,0.2248639146741885
BFA,2019,1088,1070,7972,1852,9824,0.18851791530944625,0.17506309989427676
BFA,2020,1146,1130,7810,1560,9370,0.1664887940234792,0.15450499926846806
BFA,2021,1594,1566,9686,1896,11582,0.1637022966672423,0.15074426650983574
BFA,2022,958,912,6320,1502,7822,0.19202250063922272,0.18588096361421116
BGR,2011,1,1,0,2,2,1.0,1.0
BGR,2012,115,81,392,61,453,0.1346578366445916,0.16283051473109952
BGR,2013,427,348,1946,320,2266,0.1412180052956752,0.11544154252671317
BGR,2014,515,486,2688,385,3073,0.1252847380410023,0.10853874583658098
BGR,2015,299,293,1430,215,1645,0.13069908814589665,0.11529101629371671
BGR,2016,114,111,442,54,496,0.10887096774193548,0.07711729342164124
BGR,2017,590,555,2851,915,3766,0.242963356346256,0.26812385010347944
BGR,2018,1475,1431,7468,2567,10035,0.2558046836073742,0.28334981047118446
BGR,2019,401,359,1869,568,2437,0.23307345096430038,0.26298006623791526
BGR,2020,397,329,1101,323,1424,0.22682584269662923,0.25002167576767403
BGR,2021,553,442,1742,479,2221,0.21566861773975687,0.22398169789090414
BGR,2022,757,646,3075,1165,4240,0.27476415094339623,0.30505694940486344
BGR,2023,845,768,3597,1677,5274,0.3179749715585893,0.3654737222829017
BGR,2024,637,574,2911,1295,4206,0.3078934854969092,0.3365813952342448
BHR,2009,9,9,43,5,48,0.10416666666666667,0.051756885090218425
BHR,2010,12,12,40,11,51,0.21568627450980393,0.19424603174603175
BHR,2011,5,5,9,3,12,0.25,0.24
BHR,2012,221,221,806,141,947,0.14889123548046462,0.13983647071882366
BHR,2013,657,650,3129,709,3838,0.18473163105784263,0.18138191194770142
BHR,2014,1134,1117,6002,1162,7164,0.1621998883305416,0.16483577616245143
BHR,2015,1307,1304,6710,1334,8044,0.16583789159622078,0.17807393943477343
BHR,2016,1234,1225,6885,1592,8477,0.18780228854547598,0.19298724674890885
BHR,2017,1300,1290,6860,1519,8379,0.18128654970760233,0.17877107870911094
BHR,2018,1171,1159,6405,1736,8141,0.21324161650902837,0.2275019554393588
BHR,2019,1009,1005,5539,1593,7132,0.2233595064498037,0.2349549096098681
BHR,2020,876,857,4266,1200,5466,0.21953896816684962,0.21073708266601637
BHR,2021,1451,1425,4681,1939,6620,0.2929003021148036,0.28787436138841954
BHR,2022,1593,1586,7015,2443,9458,0.2582998519771622,0.24564340769035756
BHR,2023,1853,1844,9066,2641,11707,0.22559152643717434,0.20524716631143644
BHR,2024,1912,1908,9739,3332,13071,0.2549154617091271,0.24074249616306664
BHS,2015,6,6,36,10,46,0.21739130434782608,0.15277777777777776
BHS,2016,454,445,2499,664,3163,0.20992728422383813,0.2125562617111452
BHS,2017,442,434,2206,650,2856,0.22759103641456582,0.22191581166814295
BHS,2018,60,56,327,100,427,0.234192037470726,0.23734930188664238
BHS,2019,36,36,163,36,199,0.18090452261306533,0.18387846721180054
BHS,2020,29,21,58,13,71,0.18309859154929578,0.2357142857142857
BHS,2021,79,72,336,59,395,0.14936708860759493,0.11734812279510422
BHS,2022,109,86,388,76,464,0.16379310344827586,0.18565283230980906
BHS,2023,104,84,372,123,495,0.24848484848484848,0.2113760646061066
BHS,2024,175,137,576,234,810,0.28888888888888886,0.2622765466061663
BIH,2012,151,151,1029,125,1154,0.10831889081455806,0.09429390812533125
BIH,2013,253,246,1584,231,1815,0.12727272727272726,0.09897931303777789
BIH,2014,235,233,1461,209,1670,0.1251497005988024,0.10118201523618152
BIH,2015,64,64,387,51,438,0.11643835616438356,0.10810477863107339
BIH,2016,7,7,25,3,28,0.10714285714285714,0.15584415584415584
BIH,2020,345,335,1284,342,1626,0.21033210332103322,0.33715954146911487
BIH,2021,901,860,4361,969,5330,0.18180112570356471,0.20688030796105453
BIH,2022,1778,1683,10105,2169,12274,0.17671500733257292,0.1883434625420425
BIH,2023,2534,2445,13882,3365,17247,0.19510639531512727,0.18490590310434987
BIH,2024,1557,1506,8341,2314,10655,0.21717503519474426,0.21663170889827663
BLR,2000,3,3,11,0,11,0.0,0.0
BLR,2011,17,17,109,6,115,0.05217391304347826,0.030392156862745094
BLR,2012,30,30,179,10,189,0.05291005291005291,0.03235294117647059
BLR,2013,98,98,462,35,497,0.07042253521126761,0.06480167491572053
BLR,2014,169,169,985,123,1108,0.11101083032490974,0.12926732171149338
BLR,2015,195,195,1028,124,1152,0.1076388888888889,0.1295816305254629
BLR,2016,300,300,1768,269,2037,0.13205694648993618,0.13151226367409233
BLR,2017,301,300,1712,284,1996,0.14228456913827656,0.12023061651812604
BLR,2018,200,199,1069,193,1262,0.15293185419968305,0.12573685059644268
BLR,2019,176,176,1003,158,1161,0.13608957795004306,0.10787508846036582
BLR,2020,136,135,565,82,647,0.1267387944358578,0.09942382478855909
BLR,2021,123,122,512,51,563,0.0905861456483126,0.08600005759663634
BLR,2022,151,151,608,78,686,0.11370262390670553,0.09396707964588759
BLR,2023,181,181,788,78,866,0.09006928406466513,0.07531690044689719
BLR,2024,1628,1560,7531,1333,8864,0.15038357400722022,0.13286496942236403
BLZ,2018,3,0,0,0,0,,
BLZ,2019,6,6,40,10,50,0.2,0.17833800186741364
BLZ,2020,48,30,101,12,113,0.10619469026548672,0.12414141414141414
BLZ,2021,143,136,658,81,739,0.10960757780784844,0.12182052016610839
BLZ,2022,222,208,1168,254,1422,0.17862165963431786,0.21201526330500492
BLZ,2023,220,207,1273,317,1590,0.19937106918238995,0.18759528752989066
BLZ,2024,160,150,935,281,1216,0.23108552631578946,0.2337212803249955
BOL,2013,49,40,179,28,207,0.13526570048309178,0.13854052197802197
BOL,2014,190,151,765,175,940,0.18617021276595744,0.18051763790466555
BOL,2015,224,199,927,263,1190,0.22100840336134453,0.20758220701688038
BOL,2016,750,705,4048,869,4917,0.1767337807606264,0.16371892337194358
BOL,2017,1120,1089,6412,1415,7827,0.1807844640347515,0.17996468766155316
BOL,2018,1002,982,5452,1127,6579,0.17130262957896336,0.15198299983445765
BOL,2019,1142,1100,6770,1565,8335,0.1877624475104979,0.17934723078749534
BOL,2020,196,156,866,254,1120,0.22678571428571428,0.21178887884175368
BOL,2021,702,666,3246,653,3899,0.1674788407283919,0.16859217042917182
BOL,2022,278,248,1552,359,1911,0.1878597592883307,0.15929104822945953
BOL,2023,1098,1027,5084,1383,6467,0.2138549559301067,0.21498035491511938
BOL,2024,760,721,4018,1378,5396,0.2553743513713862,0.27992760244184456
BRA,2011,6,0,0,0,0,,
BRA,2012,7,2,3,0,3,0.0,0.0
BRA,2014,28,20,84,13,97,0.13402061855670103,0.18805555555555556
BRA,2015,277,185,1064,109,1173,0.09292412617220801,0.13185764850524576
BRA,2016,295,159,797,121,918,0.1318082788671024,0.16722647702114962
BRA,2017,68,18,57,7,64,0.109375,0.14421296296296296
BRA,2018,30,15,99,16,115,0.1391304347826087,0.10414529914529914
BRA,2019,42,16,113,12,125,0.096,0.06736111111111111
BRA,2020,1,0,0,0,0,,
BRN,2015,6,6,24,3,27,0.1111111111111111,0.13095238095238096
BRN,2016,27,27,104,19,123,0.15447154471544716,0.12154808317089019
BRN,2017,8,8,33,6,39,0.15384615384615385,0.1480654761904762
BRN,2018,4,4,10,1,11,0.09090909090909091,0.125
BRN,2019,12,12,49,9,58,0.15517241379310345,0.15299707602339183
BRN,2020,6,6,23,3,26,0.11538461538461539,0.08333333333333333
BRN,2021,11,11,39,4,43,0.09302325581395349,0.10151515151515152
BRN,2022,11,11,27,3,30,0.1,0.10606060606060605
BRN,2023,13,13,53,12,65,0.18461538461538463,0.22622377622377624
BRN,2024,5,5,18,3,21,0.14285714285714285,0.15
BTN,2008,1,1,2,0,2,0.0,0.0
BTN,2009,5,5,15,2,17,0.11764705882352941,0.13999999999999999
BTN,2010,3,3,20,1,21,0.047619047619047616,0.023809523809523808
BTN,2011,37,37,199,17,216,0.0787037037037037,0.09258999258999259
BTN,2012,28,28,71,7,78,0.08974358974358974,0.08154761904761905
BTN,2013,37,37,173,24,197,0.1218274111675127,0.09378819378819378
BTN,2014,42,41,269,42,311,0.13504823151125403,0.1087213095681064
BTN,2015,48,46,286,68,354,0.192090395480226,0.19037113249069773
BTN,2016,131,126,545,100,645,0.15503875968992248,0.15779146999385096
BTN,2017,136,135,757,148,905,0.16353591160220995,0.13979424231058218
BTN,2018,155,150,951,227,1178,0.1926994906621392,0.1602643637366868
BTN,2019,155,151,1029,232,1261,0.18398096748612214,0.1853298584458755
BTN,2020,118,110,594,115,709,0.1622002820874471,0.15005226947740316
BTN,2021,192,184,852,178,1030,0.17281553398058253,0.15845675977792623
BTN,2022,137,124,450,99,549,0.18032786885245902,0.18200026833802926
BTN,2023,160,147,745,155,900,0.17222222222222222,0.1678845530886347
BTN,2024,125,124,548,114,662,0.17220543806646527,0.1715355577903016
CAN,2015,33,33,150,29,179,0.16201117318435754,0.10905277382550109
CAN,2016,143,139,876,255,1131,0.22546419098143236,0.15371067139570604
CAN,2017,81,78,385,84,469,0.1791044776119403,0.13097577384907702
CAN,2018,51,49,158,21,179,0.11731843575418995,0.0913348556205699
CAN,2019,54,54,163,17,180,0.09444444444444444,0.07109449192782526
CAN,2020,21,21,87,7,94,0.07446808510638298,0.05600907029478458
CAN,2021,23,21,64,23,87,0.26436781609195403,0.19047619047619047
CAN,2022,2,1,11,7,18,0.3888888888888889,0.3888888888888889
CHE,2012,1,1,3,4,7,0.5714285714285714,0.5714285714285714
CHE,2013,2,2,8,2,10,0.2,0.1111111111111111
CHE,2014,71,67,260,60,320,0.1875,0.16387708477260715
CHE,2015,125,112,456,76,532,0.14285714285714285,0.11731426598672838
CHE,2016,91,84,373,70,443,0.1580135440180587,0.13350351698565985
CHE,2017,91,78,352,75,427,0.1756440281030445,0.1689303615774204
CHE,2018,76,70,347,63,410,0.15365853658536585,0.1716523754023754
CHE,2019,69,60,326,65,391,0.16624040920716113,0.17886041246335363
CHE,2020,25,18,94,11,105,0.10476190476190476,0.08102175602175603
CHE,2021,18,13,79,8,87,0.09195402298850575,0.09435564435564435
CHE,2022,11,9,36,6,42,0.14285714285714285,0.28362573099415206
CHE,2023,11,8,25,5,30,0.16666666666666666,0.1625
CHE,2024,15,10,25,10,35,0.2857142857142857,0.2619047619047619
CHL,2015,40,32,181,79,260,0.3038461538461538,0.37133907248796955
CHL,2016,23,21,25,27,52,0.5192307692307693,0.5962585034013606
CHL,2018,8,8,52,32,84,0.38095238095238093,0.3721813725490196
CHL,2019,254,228,1254,235,1489,0.15782404298186703,0.166429553524389
CHL,2020,169,141,602,127,729,0.17421124828532236,0.20333409852228015
CHL,2021,331,277,1131,286,1417,0.2018348623853211,0.21002288013065248
CHL,2022,150,140,680,341,1021,0.3339862879529873,0.36384092755001646
CHL,2023,435,414,2149,707,2856,0.24754901960784315,0.264640026301155
CHL,2024,338,307,1660,557,2217,0.25124041497519173,0.27642164692617993
CHN,2014,77,8,41,3,44,0.06818181818181818,0.03173076923076923
CHN,2015,73,8,41,4,45,0.08888888888888889,0.05625
CHN,2016,16,2,13,0,13,0.0,0.0
CHN,2017,20,0,0,0,0,,
CHN,2018,2,2,5,1,6,0.16666666666666666,0.125
CHN,2019,2,2,23,0,23,0.0,0.0
CHN,2020,6,4,21,0,21,0.0,0.0
CHN,2021,10,6,56,2,58,0.034482758620689655,0.02556818181818182
CHN,2022,22,5,12,2,14,0.14285714285714285,0.08
CHN,2023,28,3,24,7,31,0.22580645161290322,0.28095238095238095
CIV,2007,16,16,80,9,89,0.10112359550561797,0.11041666666666666
CIV,2008,22,22,96,5,101,0.04950495049504951,0.07196969696969696
CIV,2009,4,4,8,2,10,0.2,0.16666666666666666
CIV,2010,4,4,19,0,19,0.0,0.0
CIV,2011,15,15,42,6,48,0.125,0.05333333333333333
CIV,2012,50,50,245,27,272,0.09926470588235294,0.08861111111111111
CIV,2013,85,85,440,47,487,0.09650924024640657,0.09516070530776413
CIV,2014,50,50,238,27,265,0.1018867924528302,0.09599675324675325
CIV,2015,74,74,363,42,405,0.1037037037037037,0.08688610168873327
CIV,2016,67,67,389,49,438,0.11187214611872145,0.07668174105723202
CIV,2017,96,96,441,59,500,0.118,0.11042299934794719
CIV,2018,39,39,255,36,291,0.12371134020618557,0.06628736606112172
CIV,2019,97,97,468,73,541,0.13493530499075784,0.09768655978480113
CIV,2020,31,31,163,21,184,0.11413043478260869,0.08907159149094632
CIV,2021,84,84,440,78,518,0.15057915057915058,0.1341129866865161
CIV,2022,69,67,426,105,531,0.1977401129943503,0.2043287168396914
CIV,2023,199,197,1195,247,1442,0.17128987517337033,0.19026245693203897
CIV,2024,255,244,1594,457,2051,0.22281813749390542,0.23007712737687236
COD,2019,15,15,101,16,117,0.13675213675213677,0.1283537718320327
COD,2020,69,38,197,64,261,0.24521072796934865,0.2064304347545345
COD,2021,2,2,2,0,2,0.0,0.0
COD,2022,1260,1230,8035,1446,9481,0.1525155574306508,0.1357507931796153
COD,2023,2212,2091,14095,3404,17499,0.1945254014515115,0.18300205723443894
COD,2024,2266,2167,14616,3299,17915,0.18414736254535305,0.1761115410227219
COL,2011,142,126,663,139,802,0.17331670822942644,0.2754968571283255
COL,2012,905,802,5013,1533,6546,0.23418881759853347,0.26485908924908735
COL,2013,844,695,3797,1241,5038,0.2463279078999603,0.3303174458328429
COL,2014,1162,848,4009,1452,5461,0.2658853689800403,0.34613493256523264
COL,2015,803,715,5193,1601,6794,0.23564910214895496,0.31109661421309737
COL,2016,1752,1574,11393,3437,14830,0.23175994605529332,0.27319294483915735
COL,2017,1831,1661,12084,3713,15797,0.2350446287269735,0.2755567517497238
COL,2018,1774,1650,11663,3492,15155,0.2304190036291653,0.2562298533167164
COL,2019,1380,1191,7686,2458,10144,0.24231072555205047,0.24652790315368242
COL,2020,525,385,1727,558,2285,0.24420131291028446,0.32744562197639643
COL,2021,833,648,2733,1051,3784,0.27774841437632136,0.3211277120600434
COL,2022,2138,1917,9855,3841,13696,0.2804468457943925,0.32932655718756043
COL,2023,2939,2641,15172,5831,21003,0.27762700566585724,0.29450003744477626
COL,2024,3008,2769,15879,7489,23368,0.3204809996576515,0.34011667342561885
COM,2017,171,166,1069,116,1185,0.09789029535864979,0.07370241779194726
COM,2018,47,45,239,27,266,0.10150375939849623,0.08536930189406969
COM,2019,6,5,19,5,24,0.20833333333333334,0.23333333333333334
COM,2020,48,45,407,58,465,0.12473118279569892,0.09319318054698172
COM,2021,60,59,164,30,194,0.15463917525773196,0.09680875918610085
COM,2022,33,33,153,31,184,0.16847826086956522,0.15302597013123329
COM,2023,36,33,209,25,234,0.10683760683760683,0.09326436091141972
COM,2024,8,7,21,19,40,0.475,0.19523809523809524
CPV,2018,1,1,2,1,3,0.3333333333333333,0.3333333333333333
CPV,2019,713,630,3613,672,4285,0.15682613768961493,0.15962817424302017
CPV,2020,468,404,1904,289,2193,0.13178294573643412,0.12545552876529104
CPV,2021,357,338,1713,310,2023,0.1532377656945131,0.14760060641744527
CPV,2022,854,784,4010,863,4873,0.17709829673712293,0.181337533024876
CPV,2023,1108,994,5452,1438,6890,0.20870827285921625,0.21667056404847704
CPV,2024,645,568,3211,892,4103,0.21740190104801366,0.21572168955629173
CUB,2017,434,331,1469,271,1740,0.1557471264367816,0.1491835660242449
CUB,2018,967,813,3717,833,4550,0.18307692307692308,0.1787733633674258
CUB,2019,1218,964,4415,1045,5460,0.19139194139194138,0.18399408181204552
CUB,2020,1398,1136,4007,1026,5033,0.20385455990462945,0.1789239316429596
CUB,2021,1542,1234,6325,1152,7477,0.1540724889661629,0.15438107590033043
CUB,2022,2018,1730,10005,1957,11962,0.16360140444741683,0.1564502168350814
CUB,2023,2268,2108,13819,2889,16708,0.17291118027292315,0.15946204954495677
CUB,2024,2267,2028,12608,2783,15391,0.18081995971671755,0.17926871949250056
CYP,2018,91,87,353,57,410,0.13902439024390245,0.10979054603747675
CYP,2019,121,120,533,67,600,0.11166666666666666,0.09975311639398327
CYP,2020,62,62,231,34,265,0.12830188679245283,0.11167407860956248
CYP,2021,15,15,84,11,95,0.11578947368421053,0.12126323968429231
CYP,2022,216,212,933,180,1113,0.16172506738544473,0.13398725881037202
CYP,2023,333,327,1488,280,1768,0.1583710407239819,0.13151713351829497
CYP,2024,430,413,1529,396,1925,0.2057142857142857,0.19178970459695951
CZE,2007,1,0,0,0,0,,
CZE,2008,2,0,0,0,0,,
CZE,2009,44,29,66,9,75,0.12,0.16522988505747127
CZE,2010,13,12,35,2,37,0.05405405405405406,0.020833333333333332
CZE,2011,9,9,58,4,62,0.06451612903225806,0.023391812865497075
CZE,2012,41,38,182,17,199,0.08542713567839195,0.07730865625602468
CZE,2013,34,34,177,4,181,0.022099447513812154,0.022093102975455917
CZE,2014,65,64,391,50,441,0.11337868480725624,0.08869353302947053
CZE,2015,62,60,428,57,485,0.11752577319587629,0.10262195457048398
CZE,2016,83,82,612,55,667,0.08245877061469266,0.0733388592517
CZE,2017,95,93,735,57,792,0.07196969696969698,0.08174016135740894
CZE,2018,83,83,481,64,545,0.11743119266055047,0.0958893761958964
CZE,2019,102,97,523,89,612,0.1454248366013072,0.14049897820803633
CZE,2020,76,76,304,60,364,0.16483516483516483,0.14473096348096348
CZE,2021,71,70,242,46,288,0.1597222222222222,0.11475108225108226
CZE,2022,47,47,355,49,404,0.12128712871287128,0.12773713562199168
CZE,2023,563,519,1853,297,2150,0.13813953488372094,0.12206648371039287
CZE,2024,773,736,2802,483,3285,0.14703196347031963,0.12178052288953146
DEU,2021,15,15,45,4,49,0.08163265306122448,0.05952380952380952
DEU,2022,284,273,1316,214,1530,0.13986928104575164,0.10416047374114881
DEU,2023,146,142,782,146,928,0.15732758620689655,0.13416630817183514
DEU,2024,129,127,650,106,756,0.1402116402116402,0.11517586513960322
DJI,2023,118,79,545,59,604,0.09768211920529801,0.12026956794778246
DJI,2024,61,50,292,49,341,0.1436950146627566,0.09380959563312505
DNK,2011,64,0,0,0,0,,
DNK,2012,76,0,0,0,0,,
DNK,2013,88,0,0,0,0,,
DNK,2014,147,3,9,5,14,0.35714285714285715,0.16666666666666666
DNK,2015,110,12,74,3,77,0.03896103896103896,0.03819444444444444
DNK,2016,27,8,26,10,36,0.2777777777777778,0.20833333333333334
DNK,2017,1,0,0,0,0,,
DNK,2018,21,21,79,57,136,0.41911764705882354,0.4790438397581255
DNK,2021,12,0,0,0,0,,
DNK,2022,23,14,91,17,108,0.1574074074074074,0.16765873015873017
DNK,2023,41,16,85,17,102,0.16666666666666666,0.1376578282828283
DNK,2024,31,10,58,12,70,0.17142857142857143,0.23595238095238097
DOM,2020,287,267,1791,393,2184,0.17994505494505494,0.17148525283988947
DOM,2021,1371,1179,7317,1663,8980,0.1851893095768374,0.18292041327896363
DOM,2022,5561,4826,31101,9393,40494,0.23196029041339458,0.22285806706063535
DOM,2023,6496,5524,35421,10530,45951,0.2291571456551544,0.2203537845688715
DOM,2024,5216,4404,28276,9062,37338,0.2427018051315014,0.22987504069127274
DZA,2017,1,1,2,0,2,0.0,0.0
DZA,2018,4,4,8,0,8,0.0,0.0
DZA,2019,23,20,59,3,62,0.04838709677419355,0.020378787878787878
DZA,2020,18,16,46,4,50,0.08,0.026785714285714284
DZA,2021,92,88,305,15,320,0.046875,0.050826446280991734
DZA,2022,103,100,517,31,548,0.05656934306569343,0.04202033628803139
DZA,2023,409,402,1902,227,2129,0.10662282761860029,0.09388626790358205
DZA,2024,448,444,1829,172,2001,0.08595702148925537,0.07299030272133988
ECU,2012,59,54,271,46,317,0.14511041009463724,0.12404169904169905
ECU,2013,297,261,1093,175,1268,0.13801261829652997,0.12093080397678098
ECU,2014,1034,949,5489,1092,6581,0.16593222914450692,0.1653370390159482
ECU,2015,279,241,1444,262,1706,0.15357561547479484,0.1396275535745366
ECU,2016,183,165,1082,215,1297,0.16576715497301464,0.16629574585175486
ECU,2017,341,322,2005,430,2435,0.17659137577002054,0.16729753125506108
ECU,2018,317,288,1748,401,2149,0.18659841786877618,0.17584792957475534
ECU,2019,261,258,1520,403,1923,0.20956838273530942,0.185883639870608
ECU,2020,392,321,1667,424,2091,0.20277379244380678,0.185676850473874
ECU,2021,527,457,3008,634,3642,0.1740801757276222,0.1773931313033722
ECU,2022,580,549,3761,871,4632,0.18803972366148533,0.18306695098217074
ECU,2023,461,446,3157,812,3969,0.20458553791887124,0.18936243291841384
ECU,2024,408,391,2816,1008,3824,0.26359832635983266,0.24246953517181066
EGY,2014,9,8,73,6,79,0.0759493670886076,0.0533008658008658
EGY,2015,5,5,20,0,20,0.0,0.0
EGY,2016,2,2,2,2,4,0.5,0.5
EGY,2017,76,71,499,48,547,0.08775137111517367,0.08190487134149106
EGY,2018,66,58,397,29,426,0.06807511737089202,0.08093869731800767
EGY,2019,1794,1637,10774,1157,11931,0.09697426871175928,0.0881870020456183
EGY,2020,1646,1383,7556,500,8056,0.062065541211519366,0.05865923569764326
EGY,2021,1742,1487,7108,523,7631,0.06853623378325252,0.05956485145006464
EGY,2022,1671,1508,7603,742,8345,0.08891551827441582,0.07277112412876872
EGY,2023,1682,1475,7577,552,8129,0.0679050313691721,0.05505899976662426
EGY,2024,1308,1142,5286,571,5857,0.09749018268738262,0.07816430570131012
ERI,2009,1,0,0,0,0,,
ERI,2010,9,0,0,0,0,,
ERI,2011,14,0,0,0,0,,
ERI,2012,6,0,0,0,0,,
ERI,2013,4,0,0,0,0,,
ERI,2014,4,0,0,0,0,,
ERI,2015,8,0,0,0,0,,
ERI,2016,32,0,0,0,0,,
ERI,2017,6,0,0,0,0,,
ERI,2018,5,0,0,0,0,,
ERI,2019,2,0,0,0,0,,
ERI,2020,5,0,0,0,0,,
ERI,2021,8,0,0,0,0,,
ERI,2022,12,0,0,0,0,,
ERI,2023,19,0,0,0,0,,
ERI,2024,5,0,0,0,0,,
ESP,2011,378,373,1712,322,2034,0.1583087512291052,0.13361850803591688
ESP,2012,243,240,1521,258,1779,0.14502529510961215,0.10943462147292855
ESP,2013,236,236,1808,307,2115,0.14515366430260046,0.11077659443565577
ESP,2014,235,234,1508,251,1759,0.1426947129050597,0.12274806085822598
ESP,2015,265,263,1589,319,1908,0.16719077568134172,0.13493163718405596
ESP,2016,177,172,995,218,1213,0.179719703215169,0.12290234129175918
ESP,2017,305,301,1928,425,2353,0.1806204844878878,0.12229766976428505
ESP,2018,279,274,1785,426,2211,0.1926729986431479,0.15662719643895948
ESP,2019,129,126,925,265,1190,0.22268907563025211,0.2078622500284338
ESP,2020,303,295,1435,401,1836,0.21840958605664487,0.16100289298624615
ESP,2021,434,420,2459,588,3047,0.19297669839186085,0.15759455068802294
ESP,2022,452,437,2849,774,3623,0.21363510902566935,0.16770281057191458
ESP,2023,313,308,2046,555,2601,0.21337946943483277,0.15891068775943096
ESP,2024,695,683,4595,1370,5965,0.22967309304274938,0.19270770407269475
EST,2008,4,4,16,3,19,0.15789473684210525,0.15625
EST,2009,25,20,57,7,64,0.109375,0.09392857142857143
EST,2010,17,16,102,15,117,0.1282051282051282,0.1277101370851371
EST,2014,42,35,158,30,188,0.1595744680851064,0.1888932496075353
EST,2015,98,93,388,142,530,0.2679245283018868,0.33873727825340727
EST,2016,158,149,688,177,865,0.2046242774566474,0.25547528464913716
EST,2017,186,152,799,170,969,0.17543859649122806,0.17252506156011532
EST,2018,58,56,201,38,239,0.1589958158995816,0.14225256390434962
EST,2019,45,38,196,22,218,0.10091743119266056,0.10576441102756892
EST,2020,43,26,95,21,116,0.1810344827586207,0.12391905480140775
EST,2021,16,11,45,18,63,0.2857142857142857,0.5056960583276373
EST,2022,97,86,420,92,512,0.1796875,0.20632044004587025
EST,2023,211,192,1014,271,1285,0.21089494163424125,0.20760677618128676
EST,2024,273,243,1357,383,1740,0.22011494252873562,0.2050073639040966
FIN,2019,690,469,1478,625,2103,0.29719448407037563,0.3486926950959006
FIN,2020,652,368,719,388,1107,0.35049683830171635,0.368122291355987
FIN,2021,793,448,1019,462,1481,0.31195138419986496,0.3827382450827271
FIN,2022,814,535,1202,546,1748,0.3123569794050343,0.369673599160395
FIN,2023,335,219,561,299,860,0.34767441860465115,0.37333388272663337
FIN,2024,572,384,861,404,1265,0.3193675889328063,0.3711878332661276
FJI,2012,232,184,658,99,757,0.130779392338177,0.13153593839735142
FJI,2013,1580,1436,5056,928,5984,0.15508021390374332,0.12586746087419828
FJI,2014,1295,1173,4992,935,5927,0.15775265733085878,0.15148018116861187
FJI,2015,819,807,4425,927,5352,0.17320627802690583,0.2323146082614803
FJI,2016,314,295,1417,278,1695,0.1640117994100295,0.2613785701247264
FJI,2017,73,71,254,54,308,0.17532467532467533,0.21353304708731385
FJI,2018,23,20,74,22,96,0.22916666666666666,0.29107954545454545
FJI,2019,1395,1321,7864,1994,9858,0.2022722661797525,0.2826596310054697
FJI,2020,1059,1005,5407,1266,6673,0.18971976622208903,0.2929361730708839
FJI,2021,2002,1902,8743,2433,11176,0.21769863994273442,0.25925550292969934
FJI,2022,8072,7944,50111,12287,62398,0.1969133626077759,0.19474480803760882
FJI,2023,1343,1329,7319,2070,9389,0.22047076365960167,0.21298074957813853
FJI,2024,171,168,1195,221,1416,0.1560734463276836,0.18484235475629
FRA,2000,1,1,2,0,2,0.0,0.0
FRA,2009,1,1,1,0,1,0.0,0.0
FRA,2017,9,7,54,12,66,0.18181818181818182,0.14302721088435374
FRA,2018,23,21,138,18,156,0.11538461538461539,0.09956247456247456
FRA,2019,39,26,130,39,169,0.23076923076923078,0.20607725607725608
FRA,2020,200,113,283,67,350,0.19142857142857142,0.18246497589767266
FRA,2021,187,112,277,58,335,0.17313432835820897,0.16595352758008036
FRA,2022,156,94,257,64,321,0.19937694704049844,0.27697645144453653
FRA,2023,53,30,72,21,93,0.22580645161290322,0.23644540644540643
FRA,2024,72,50,90,42,132,0.3181818181818182,0.33684770784770784
GAB,2014,8,8,21,5,26,0.19230769230769232,0.23333333333333334
GAB,2015,18,18,106,12,118,0.1016949152542373,0.09181286549707603
GAB,2018,1,1,14,2,16,0.125,0.125
GAB,2022,1,0,0,0,0,,
GAB,2023,29,26,159,32,191,0.16753926701570682,0.1608233646695185
GAB,2024,166,165,924,148,1072,0.13805970149253732,0.13373765568952736
GBR,2006,14,11,41,6,47,0.1276595744680851,0.24125874125874125
GBR,2007,21,14,38,10,48,0.20833333333333334,0.2698412698412698
GBR,2008,21,17,66,12,78,0.15384615384615385,0.19156611362493714
GBR,2009,24,20,68,24,92,0.2608695652173913,0.3274621212121212
GBR,2010,353,312,1256,183,1439,0.1271716469770674,0.12173405743117281
GBR,2011,491,437,1938,269,2207,0.12188491164476666,0.12089908248375068
GBR,2012,440,392,1867,287,2154,0.13324048282265552,0.136104249996965
GBR,2013,1542,1256,4967,916,5883,0.15570287268400476,0.15097067716637408
GBR,2014,709,585,2091,543,2634,0.2061503416856492,0.21987003721583384
GBR,2015,461,378,1492,303,1795,0.16880222841225626,0.23717917788367607
GBR,2016,360,312,1104,376,1480,0.25405405405405407,0.2981133094113863
GBR,2017,398,360,1493,376,1869,0.20117710005350456,0.2650349764101895
GBR,2018,776,626,2553,844,3397,0.2484545186929644,0.27020063867741584
GBR,2019,1180,904,3779,1203,4982,0.24146928944199117,0.25484536900529736
GBR,2020,943,649,2041,606,2647,0.22893842085379676,0.2373295666744268
GBR,2021,890,592,2070,602,2672,0.2252994011976048,0.26674001480986775
GBR,2022,1154,838,2719,922,3641,0.25322713540236197,0.2994512908688263
GBR,2023,1017,869,2877,787,3664,0.21479257641921398,0.20708368125442128
GBR,2024,799,696,2153,716,2869,0.24956430812129662,0.2636755577361561
GEO,2013,8,5,36,4,40,0.1,0.06153846153846154
GEO,2014,827,645,4704,526,5230,0.10057361376673041,0.09346167995491202
GEO,2015,803,725,4420,461,4881,0.09444785904527761,0.08619099754852931
GEO,2016,898,837,5655,648,6303,0.10280818657782008,0.09099879721488298
GEO,2017,816,775,4573,431,5004,0.08613109512390088,0.07215241631101015
GEO,2018,802,768,4138,484,4622,0.10471657291215924,0.08940855971773397
GEO,2019,956,932,5342,773,6115,0.12641046606704825,0.10169378695181004
GEO,2020,785,769,4423,742,5165,0.1436592449177154,0.11683220980615684
GEO,2021,1316,1206,6399,745,7144,0.10428331466965285,0.08546845375705935
GEO,2022,1145,951,4824,448,5272,0.08497723823975721,0.07013298969356802
GEO,2023,1075,887,4075,483,4558,0.10596752961825362,0.08886447731342688
GEO,2024,782,676,3863,500,4363,0.11460004584001833,0.09254986948834613
GHA,2015,2,2,17,6,23,0.2608695652173913,0.22767857142857142
GHA,2017,18,18,58,13,71,0.18309859154929578,0.20277777777777778
GHA,2018,335,329,1842,651,2493,0.2611311672683514,0.30569689254423993
GHA,2019,55,53,200,83,283,0.29328621908127206,0.3701367968571076
GHA,2020,11,11,50,17,67,0.2537313432835821,0.26204351204351206
GHA,2021,1,1,11,7,18,0.3888888888888889,0.3888888888888889
GHA,2022,50,49,202,95,297,0.31986531986531985,0.3894855844435677
GHA,2023,41,41,219,107,326,0.3282208588957055,0.34213429632001874
GHA,2024,17,17,108,45,153,0.29411764705882354,0.3041460087899716
GMB,2021,31,29,166,65,231,0.2813852813852814,0.2351114881287295
GMB,2022,271,259,1040,317,1357,0.23360353721444363,0.2354249256560181
GMB,2023,25,19,128,23,151,0.152317880794702,0.1654323884342623
GMB,2024,63,41,302,61,363,0.16804407713498623,0.14342980511144823
GNQ,2015,1,0,0,0,0,,
GNQ,2019,1923,1705,8736,1589,10325,0.15389830508474575,0.1614280475742798
GNQ,2020,2166,1730,7350,1261,8611,0.1464405992335385,0.15863065398584109
GNQ,2021,3677,3320,17265,2789,20054,0.13907449885309664,0.15302286590876862
GNQ,2022,2095,1968,12090,2461,14551,0.16912926946601609,0.16571367472622522
GNQ,2023,4006,3824,23048,4849,27897,0.17381797325877335,0.17297643970889398
GNQ,2024,4823,4645,29169,6466,35635,0.18145082082222533,0.17949400234642393
GRC,2010,23,18,46,5,51,0.09803921568627451,0.05555555555555555
GRC,2011,94,93,344,36,380,0.09473684210526316,0.07389432550722873
GRC,2012,58,58,193,17,210,0.08095238095238096,0.09328817733990148
GRC,2013,132,129,424,31,455,0.06813186813186813,0.04839424141749723
GRC,2014,188,188,629,57,686,0.08309037900874636,0.05024036247440503
GRC,2015,123,121,403,23,426,0.0539906103286385,0.047310357227712596
GRC,2016,133,124,517,30,547,0.054844606946983544,0.047365379718320895
GRC,2017,172,171,597,59,656,0.0899390243902439,0.057948581632792165
GRC,2018,162,162,399,29,428,0.06775700934579439,0.03646874387615129
GRC,2019,205,205,607,73,680,0.10735294117647058,0.08310146891208584
GRC,2020,233,231,539,55,594,0.09259259259259259,0.0805780438897322
GRC,2021,213,212,499,45,544,0.08272058823529412,0.058686286121080795
GRC,2022,302,299,849,102,951,0.10725552050473186,0.07329122939490833
GRC,2023,216,215,588,69,657,0.1050228310502283,0.07672287660659755
GRC,2024,252,252,652,97,749,0.1295060080106809,0.08255920213203126
GTM,2018,25,25,157,76,233,0.3261802575107296,0.33114108767049943
GTM,2019,834,772,4467,1292,5759,0.2243445042542108,0.2055587226336764
GTM,2020,1102,941,4592,939,5531,0.1697703851021515,0.17556321703630773
GTM,2021,4051,3515,16467,3200,19667,0.16270910662531143,0.17415216729993224
GTM,2022,3778,3416,18449,3835,22284,0.1720965715311434,0.1722726694991925
GTM,2023,2103,1853,9912,2307,12219,0.18880432113920942,0.19152854482208106
GTM,2024,5312,4367,24505,7520,32025,0.23481654957064793,0.2373845793767243
GUY,2017,3,3,18,2,20,0.1,0.09523809523809523
GUY,2018,2,1,4,1,5,0.2,0.2
GUY,2019,6,5,8,9,17,0.5294117647058824,0.6
GUY,2020,5,5,8,0,8,0.0,0.0
GUY,2021,9,8,18,1,19,0.05263157894736842,0.013888888888888888
GUY,2022,40,35,108,33,141,0.23404255319148937,0.19667388167388167
GUY,2023,146,125,577,106,683,0.15519765739385066,0.15267588668641302
GUY,2024,54,41,127,32,159,0.20125786163522014,0.16575687185443283
HRV,2003,76,76,355,28,383,0.0731070496083551,0.0708032335741314
HRV,2004,49,47,167,13,180,0.07222222222222222,0.06418439716312056
HRV,2005,46,45,148,59,207,0.28502415458937197,0.4075847609180942
HRV,2006,35,35,110,47,157,0.29936305732484075,0.4016937031222746
HRV,2007,93,93,358,98,456,0.2149122807017544,0.2853567579374031
HRV,2008,231,222,1066,153,1219,0.12551271534044298,0.12171860407154525
HRV,2009,339,326,1565,182,1747,0.10417859187178019,0.10045759880882581
HRV,2010,375,370,1830,256,2086,0.12272291466922339,0.09827222283104636
HRV,2011,132,131,689,55,744,0.0739247311827957,0.06767617454640355
HRV,2012,219,212,802,299,1101,0.27157129881925524,0.3859592771114691
HRV,2014,3,3,13,1,14,0.07142857142857142,0.1111111111111111
HRV,2015,126,121,799,90,889,0.10123734533183353,0.09088249513850159
HRV,2017,81,80,621,128,749,0.17089452603471295,0.15670796330432551
HRV,2018,82,78,513,98,611,0.16039279869067102,0.17587394764069852
HRV,2019,78,77,569,108,677,0.15952732644017725,0.14848464675572554
HRV,2020,53,51,219,43,262,0.16412213740458015,0.1176894084014827
HRV,2021,352,321,1249,242,1491,0.16230717639168343,0.1360475242344162
HRV,2022,453,438,2089,564,2653,0.2125895212966453,0.18871747236738332
HRV,2023,494,476,2636,739,3375,0.21896296296296297,0.2119397249128205
HRV,2024,477,461,2649,725,3374,0.2148784825133373,0.1953860499718337
HUN,2011,2,2,12,2,14,0.14285714285714285,0.09090909090909091
HUN,2012,36,34,170,38,208,0.18269230769230768,0.15943345869816458
HUN,2013,56,56,292,30,322,0.09316770186335403,0.09475056922535914
HUN,2014,575,561,2765,343,3108,0.11036036036036036,0.09228518580211037
HUN,2015,1411,1391,6543,685,7228,0.09477033757609298,0.06658968912902727
HUN,2016,1741,1722,7985,809,8794,0.09199454173299977,0.07277455344992373
HUN,2017,1808,1765,8430,1029,9459,0.10878528385664446,0.08580803706282793
HUN,2018,1171,1143,5316,639,5955,0.10730478589420656,0.0813824335778538
HUN,2019,444,426,2069,226,2295,0.09847494553376906,0.07502212152692095
HUN,2020,34,30,149,23,172,0.13372093023255813,0.10705808080808081
HUN,2021,11,1,1,0,1,0.0,0.0
HUN,2022,10,10,35,14,49,0.2857142857142857,0.5617004048582996
HUN,2023,4,3,37,10,47,0.2127659574468085,0.22804232804232805
HUN,2024,12,4,12,1,13,0.07692307692307693,0.25
IDN,2014,212,199,1384,160,1544,0.10362694300518134,0.10388555213337018
IDN,2015,744,709,4685,702,5387,0.13031371821050677,0.13553308299642475
IDN,2016,767,739,5108,693,5801,0.11946216169625927,0.11172630844086708
IDN,2017,664,638,4469,738,5207,0.14173228346456693,0.1277613939176048
IDN,2018,1344,1261,8555,1519,10074,0.15078419694262457,0.16055482583621314
IDN,2019,1762,1589,11714,2374,14088,0.1685122089721749,0.16148936840403386
IDN,2020,1913,1557,7027,1214,8241,0.14731221939085062,0.14726055144936334
IDN,2021,1904,1676,6622,1211,7833,0.1546023235031278,0.14934086772891159
IDN,2022,1532,1405,8560,1412,9972,0.1415964701163257,0.13841316715360463
IDN,2023,1375,1339,10456,1954,12410,0.15745366639806607,0.14590972664631383
IDN,2024,1145,1079,8683,1648,10331,0.1595198915884232,0.1520158333555057
IND,2011,4,4,23,2,25,0.08,0.08125
IND,2012,3,1,10,0,10,0.0,0.0
IND,2013,1,1,11,1,12,0.08333333333333333,0.08333333333333333
IND,2014,651,651,4082,383,4465,0.08577827547592386,0.07588682334626737
IND,2015,1621,1578,11555,1287,12842,0.10021803457405389,0.0916668018981237
IND,2016,617,602,4322,434,4756,0.09125315391084945,0.08085133100445611
IND,2017,505,498,3542,399,3941,0.10124333925399645,0.08992178011083489
IND,2018,483,479,3541,553,4094,0.13507572056668296,0.10632373098667143
IND,2019,330,328,2199,302,2501,0.1207516993202719,0.09395082152229745
IND,2020,248,248,1231,169,1400,0.12071428571428572,0.08569644005680284
IND,2021,479,476,1830,243,2073,0.11722141823444283,0.07900814891979005
IND,2022,649,643,4116,655,4771,0.13728778033955147,0.10663377848631701
IND,2023,735,733,3895,568,4463,0.1272686533721712,0.08324897354086461
IND,2024,614,610,3253,520,3773,0.13782136231115824,0.09082609432509224
IRL,2021,3,0,0,0,0,,
IRL,2023,1,0,0,0,0,,
IRN,2013,395,389,2128,129,2257,0.057155516171909615,0.05179467887737709
IRN,2014,1040,1034,7305,416,7721,0.05387903121357337,0.04937882010149996
IRN,2015,4986,4931,38569,2618,41187,0.06356374584213466,0.05357657753185866
IRN,2016,6934,6884,56025,3559,59584,0.05973080021482277,0.053056558637811585
IRN,2017,4557,4507,38706,1995,40701,0.049015994693005084,0.045744385365153774
IRN,2018,2082,2051,15713,879,16592,0.052977338476374154,0.04519793357705652
IRN,2019,2381,2332,17973,808,18781,0.043022203290559606,0.04072148290248478
IRN,2020,9124,8943,38876,1493,40369,0.03698382422155615,0.02646294928424684
IRN,2021,14489,13980,79315,3951,83266,0.04745033987461869,0.03867229865467923
IRN,2022,16188,15804,114569,7695,122264,0.0629375777007132,0.05237384514269251
IRN,2023,2046,2020,12494,785,13279,0.059115897281421796,0.04805674713887128
IRN,2024,734,720,2901,119,3020,0.03940397350993378,0.035065730137668095
IRQ,2019,868,852,4183,493,4676,0.10543199315654406,0.09490842169802761
IRQ,2020,1636,1512,7927,744,8671,0.08580325222004383,0.08525181110251322
IRQ,2021,1513,1469,7275,734,8009,0.09164689724060432,0.08771965471486744
IRQ,2022,894,863,3719,451,4170,0.10815347721822542,0.10483078319011363
IRQ,2023,10,8,28,10,38,0.2631578947368421,0.34134615384615385
IRQ,2024,1335,1264,6989,715,7704,0.09280893042575286,0.08921698536638427
ISL,2018,69,47,211,55,266,0.20676691729323307,0.2510594015913165
ISL,2019,73,58,336,81,417,0.19424460431654678,0.16353211720725333
ISL,2020,83,66,217,116,333,0.3483483483483483,0.5296943295782305
ISL,2021,83,67,241,98,339,0.2890855457227139,0.2541811726952201
ISL,2022,98,76,336,129,465,0.27741935483870966,0.36037792512542954
ISL,2023,102,69,337,80,417,0.19184652278177458,0.2375003547351777
ISL,2024,74,56,374,80,454,0.1762114537444934,0.17989911009592566
ISR,1994,1,0,0,0,0,,
ISR,2001,2,2,23,3,26,0.11538461538461539,0.1
ISR,2002,3,3,9,0,9,0.0,0.0
ISR,2005,9,6,18,0,18,0.0,0.0
ISR,2006,4,4,8,3,11,0.2727272727272727,0.375
ISR,2007,3,2,10,2,12,0.16666666666666666,0.1875
ISR,2008,17,8,18,8,26,0.3076923076923077,0.4236111111111111
ISR,2009,6,5,10,1,11,0.09090909090909091,0.2
ISR,2011,4,3,15,1,16,0.0625,0.047619047619047616
ISR,2012,8,7,18,4,22,0.18181818181818182,0.15079365079365079
ISR,2013,13,13,79,14,93,0.15053763440860216,0.10652876535229476
ISR,2014,18,17,105,8,113,0.07079646017699115,0.06714826281389749
ISR,2015,12,11,32,3,35,0.08571428571428572,0.06753246753246754
ISR,2016,4,4,20,0,20,0.0,0.0
ISR,2017,4,4,17,2,19,0.10526315789473684,0.05
ISR,2018,253,236,854,91,945,0.0962962962962963,0.0634038706944988
ISR,2019,71,63,235,29,264,0.10984848484848485,0.06156204906204906
ISR,2020,104,98,286,36,322,0.11180124223602485,0.0901077097505669
ISR,2021,267,252,940,129,1069,0.12067352666043031,0.07876587882042295
ISR,2022,307,258,1131,161,1292,0.12461300309597523,0.10084480885924474
ISR,2023,217,193,1028,156,1184,0.13175675675675674,0.0901443393698922
ISR,2024,56,46,223,27,250,0.108,0.08802060755385563
ITA,2013,1,0,0,0,0,,
ITA,2014,7,7,31,5,36,0.1388888888888889,0.17261904761904762
ITA,2015,9,7,12,6,18,0.3333333333333333,0.2857142857142857
ITA,2016,5,5,55,12,67,0.1791044776119403,0.1326315789473684
ITA,2017,49,47,206,26,232,0.11206896551724138,0.08359908413099902
ITA,2018,30,29,114,6,120,0.05,0.03169627307558342
ITA,2019,56,52,329,63,392,0.16071428571428573,0.18316746818250154
ITA,2020,21,15,57,9,66,0.13636363636363635,0.1353606237816764
ITA,2021,12,8,28,7,35,0.2,0.14222582972582973
ITA,2022,80,35,171,51,222,0.22972972972972974,0.3730150654299261
ITA,2023,405,281,763,377,1140,0.3307017543859649,0.5953963740579707
ITA,2024,343,232,794,369,1163,0.3172828890799656,0.5880213343085937
JAM,2016,45,44,196,40,236,0.1694915254237288,0.15320961718020543
JAM,2017,136,127,749,153,902,0.1696230598669623,0.16912954718072828
JAM,2018,98,87,470,105,575,0.1826086956521739,0.14950684692064004
JAM,2019,129,115,562,94,656,0.14329268292682926,0.151611335524379
JAM,2020,120,99,381,44,425,0.10352941176470588,0.10607595266686176
JAM,2021,86,67,211,30,241,0.12448132780082988,0.16588055394025542
JAM,2022,153,110,510,88,598,0.14715719063545152,0.12779504737944636
JAM,2023,52,37,168,41,209,0.19617224880382775,0.17423608673608673
JAM,2024,124,111,609,135,744,0.1814516129032258,0.172323244227269
JOR,2021,28,20,90,15,105,0.14285714285714285,0.15746212121212122
JOR,2022,27,17,89,10,99,0.10101010101010101,0.13655462184873948
JOR,2023,52,41,121,28,149,0.18791946308724833,0.3073170731707317
JOR,2024,52,40,234,50,284,0.176056338028169,0.17929446778711483
JPN,1998,1,1,1,0,1,0.0,0.0
JPN,2000,1,0,0,0,0,,
JPN,2001,1,1,1,1,2,0.5,0.5
JPN,2008,22,2,3,1,4,0.25,0.16666666666666666
JPN,2009,9,2,11,0,11,0.0,0.0
JPN,2010,4,0,0,0,0,,
JPN,2011,1,0,0,0,0,,
JPN,2013,74,69,363,39,402,0.09701492537313433,0.08565170739083783
JPN,2014,115,112,588,60,648,0.09259259259259259,0.10121896296397347
JPN,2015,123,123,658,68,726,0.09366391184573003,0.09536775661237641
JPN,2016,194,191,1118,116,1234,0.0940032414910859,0.10897711591732794
JPN,2017,317,314,1947,153,2100,0.07285714285714286,0.07554771344346091
JPN,2018,401,398,2115,189,2304,0.08203125,0.06683654079048232
JPN,2019,262,251,1227,116,1343,0.08637379002233805,0.07757447434790693
JPN,2020,94,86,389,39,428,0.0911214953271028,0.07414094113820516
JPN,2021,184,169,547,68,615,0.11056910569105691,0.09015576796641886
JPN,2022,1315,1301,9383,1076,10459,0.102877904197342,0.10601712939811281
JPN,2023,3772,3758,28152,4096,32248,0.12701562887620937,0.12399139995813117
JPN,2024,3313,3312,30288,4536,34824,0.1302549965541006,0.13149715938342293
KAZ,2012,17,17,162,19,181,0.10497237569060773,0.08014484074172656
KAZ,2013,31,31,230,33,263,0.12547528517110265,0.07201973653586558
KAZ,2014,296,295,2237,311,2548,0.12205651491365777,0.06810302825397359
KAZ,2015,278,275,2734,525,3259,0.16109235961951518,0.12818747524433718
KAZ,2016,373,368,3287,416,3703,0.11234134485552255,0.09200372131608306
KAZ,2017,498,485,4382,664,5046,0.13158937772493065,0.1060588709119925
KAZ,2018,690,677,6430,977,7407,0.13190225462400432,0.10157328159707005
KAZ,2019,898,880,7306,1135,8441,0.13446274138135292,0.11592514628169891
KAZ,2020,553,516,4038,353,4391,0.08039171031655659,0.06660216880943103
KAZ,2021,439,431,2084,153,2237,0.06839517210549843,0.06751040610392825
KAZ,2022,652,642,4197,556,4753,0.1169787502629918,0.10366546310230276
KAZ,2023,673,664,4596,632,5228,0.12088752869166029,0.11919405255534467
KAZ,2024,427,412,3147,568,3715,0.1528936742934051,0.1423982447270962
KEN,2022,2,2,7,2,9,0.2222222222222222,0.14285714285714285
KEN,2023,1,1,10,7,17,0.4117647058823529,0.4117647058823529
KEN,2024,158,155,1467,272,1739,0.156411730879816,0.14782022047806312
KGZ,2018,60,60,285,61,346,0.17630057803468208,0.13867599312452256
KGZ,2019,4114,3841,22908,4753,27661,0.17183037489606304,0.15153616500151423
KGZ,2020,8003,6877,37157,5309,42466,0.12501766118777374,0.11197264840623429
KGZ,2021,12463,11379,64964,11113,76077,0.1460756864755445,0.12764729853424814
KGZ,2022,11376,10509,64006,12696,76702,0.16552371515736225,0.14401636126283904
KGZ,2023,7230,6673,38027,7677,45704,0.16797216873796605,0.14253382201456904
KGZ,2024,7173,6602,39224,7190,46414,0.15491015641832206,0.1280331819891842
KHM,2016,118,118,650,44,694,0.06340057636887608,0.08294696330588654
KHM,2017,3107,3021,25943,5188,31131,0.16665060550576596,0.1396135959272502
KHM,2018,4620,4505,37610,7347,44957,0.16342282625620036,0.13716471392582433
KHM,2019,5220,5154,42588,7130,49718,0.14340882577738445,0.13063795419303817
KHM,2020,2450,2357,19373,3591,22964,0.15637519595889218,0.142055269570539
KHM,2021,1539,1361,9550,1072,10622,0.1009226134437959,0.10550330575954095
KHM,2022,5317,5158,43080,7001,50081,0.13979353447415188,0.13634915286682875
KHM,2023,12215,10941,88800,21557,110357,0.195338764192575,0.18693262479485723
KHM,2024,7343,6696,46808,9601,56409,0.17020333634703683,0.16414763212268316
KNA,2021,1,0,0,0,0,,
KOR,2013,8,8,55,5,60,0.08333333333333333,0.0734126984126984
KOR,2014,1281,1167,7312,1184,8496,0.1393596986817326,0.1727800573793973
KOR,2015,1398,1277,7791,1458,9249,0.15763866363931237,0.18006464030374092
KOR,2016,1277,1167,6807,1320,8127,0.162421557770395,0.1686322775410319
KOR,2017,974,932,4736,720,5456,0.13196480938416422,0.13412171289703956
KOR,2018,1014,960,5056,1118,6174,0.18108195659216067,0.1954689909696903
KOR,2019,736,704,3561,722,4283,0.16857342983889798,0.19633089514971855
KOR,2020,516,465,1842,422,2264,0.18639575971731448,0.28462311450252126
KOR,2021,447,410,1843,336,2179,0.15419917393299679,0.14566325007210593
KOR,2022,368,339,1708,324,2032,0.1594488188976378,0.14495944368653446
KOR,2023,579,545,3203,670,3873,0.17299251226439452,0.15881061064239127
KOR,2024,443,369,2227,471,2698,0.17457375833951075,0.1579497904617542
KWT,2023,190,189,949,168,1117,0.1504028648164727,0.1094678511931959
KWT,2024,101,100,492,126,618,0.20388349514563106,0.14485129913485006
LBR,2009,1,0,0,0,0,,
LBR,2011,14,9,16,8,24,0.3333333333333333,0.5333333333333333
LBR,2012,30,24,18,14,32,0.4375,0.5
LBR,2013,74,64,121,30,151,0.1986754966887417,0.36630608974358975
LBR,2014,220,180,532,97,629,0.15421303656597773,0.298742209134366
LBR,2015,227,200,370,125,495,0.25252525252525254,0.4427651931401931
LBR,2016,260,222,418,159,577,0.2755632582322357,0.5086752336752337
LBR,2017,222,189,411,123,534,0.2303370786516854,0.4265215971565178
LBR,2018,202,179,534,39,573,0.06806282722513089,0.04019507029283565
LBR,2019,152,148,397,27,424,0.06367924528301887,0.03963473926709221
LBR,2020,114,112,229,19,248,0.07661290322580645,0.05468041383219955
LBR,2021,74,72,184,18,202,0.0891089108910891,0.04282407407407407
LBR,2022,10,10,15,3,18,0.16666666666666666,0.125
LBR,2023,13,13,30,4,34,0.11764705882352941,0.12179487179487179
LBR,2024,127,123,325,70,395,0.17721518987341772,0.14857248133884848
LKA,2015,1,1,2,0,2,0.0,0.0
LKA,2016,1,1,2,0,2,0.0,0.0
LKA,2018,4,4,44,4,48,0.08333333333333333,0.05133928571428571
LKA,2019,10,10,66,9,75,0.12,0.08196078431372548
LKA,2020,16,15,70,15,85,0.17647058823529413,0.12206497206497206
LKA,2021,15,15,59,18,77,0.23376623376623376,0.2667480667480667
LKA,2023,31,31,151,31,182,0.17032967032967034,0.17544256818450366
LKA,2024,4,4,12,6,18,0.3333333333333333,0.5643939393939393
LSO,2023,63,55,302,73,375,0.19466666666666665,0.16689278167184163
LSO,2024,53,47,245,40,285,0.14035087719298245,0.13576237592195037
LTU,2020,16,11,19,14,33,0.42424242424242425,0.5174825174825175
LTU,2021,245,183,301,205,506,0.4051383399209486,0.6715836210291369
LTU,2022,220,169,585,239,824,0.29004854368932037,0.4281051435898286
LTU,2023,164,134,396,207,603,0.34328358208955223,0.5150689286558852
LTU,2024,166,143,455,223,678,0.32890855457227136,0.473799219608828
LUX,2018,40,35,317,80,397,0.20151133501259447,0.19507382906542572
LUX,2019,64,61,707,170,877,0.19384264538198404,0.1917055546623379
LUX,2020,40,38,275,16,291,0.054982817869415807,0.04248828301863703
LUX,2021,2,2,2,2,4,0.5,0.5
LUX,2022,367,355,2273,499,2772,0.18001443001443002,0.17530138372934212
LUX,2023,271,258,1431,249,1680,0.14821428571428572,0.13887735927604827
LUX,2024,580,570,3837,824,4661,0.17678609740399057,0.1869549472627768
LVA,2015,2,1,8,5,13,0.38461538461538464,0.38461538461538464
LVA,2016,102,86,576,59,635,0.09291338582677165,0.09287602217663778
LVA,2017,55,43,191,11,202,0.054455445544554455,0.05631202093240397
LVA,2018,76,60,305,56,361,0.15512465373961218,0.1290228971558895
LVA,2019,61,48,188,26,214,0.12149532710280374,0.14164411976911975
LVA,2020,507,419,1498,326,1824,0.1787280701754386,0.23436792575139573
LVA,2021,396,333,1050,214,1264,0.16930379746835442,0.20862327940456832
LVA,2022,354,309,1441,517,1958,0.2640449438202247,0.2442136591747667
LVA,2023,522,455,2214,865,3079,0.28093536862617735,0.24292337171133588
LVA,2024,731,602,2807,1177,3984,0.29543172690763053,0.3138758018166908
MAR,2020,637,519,1336,160,1496,0.10695187165775401,0.11237338715662415
MAR,2021,420,369,867,95,962,0.09875259875259876,0.06555568415324513
MAR,2022,504,449,1290,157,1447,0.10850034554250172,0.09650967736022588
MAR,2023,454,401,1114,147,1261,0.11657414750198256,0.07856365717961727
MAR,2024,306,278,714,100,814,0.12285012285012285,0.09043358821601244
MDA,2014,74,62,428,47,475,0.09894736842105263,0.08792970611731223
MDA,2015,666,653,2748,459,3207,0.1431244153414406,0.14173113301546492
MDA,2016,1342,1336,6375,1087,7462,0.14567140176896273,0.14777562901280175
MDA,2017,1700,1625,7820,1597,9417,0.16958691727726452,0.16308843077830415
MDA,2018,1772,1658,7685,1538,9223,0.16675702049224764,0.17925683287436694
MDA,2019,1285,1196,5532,1358,6890,0.19709724238026124,0.2026530407680293
MDA,2020,4736,4422,18095,2934,21029,0.1395216130106044,0.13620469206682875
MDA,2021,2797,2674,9734,2257,11991,0.18822450170961555,0.21795657804796376
MDA,2022,6685,6274,27684,9518,37202,0.25584645986774907,0.3144981008746776
MDA,2023,3025,2841,13291,4172,17463,0.23890511366889997,0.255842824447861
MDA,2024,3890,3535,17447,5326,22773,0.23387344662538972,0.22776677135516868
MDG,2021,11,6,42,10,52,0.19230769230769232,0.14863636363636365
MDG,2022,174,149,1211,238,1449,0.1642512077294686,0.1719458357340939
MDG,2023,129,102,743,151,894,0.16890380313199105,0.16675955783358806
MDG,2024,154,139,730,246,976,0.2520491803278688,0.23850592898344466
MDV,2009,242,242,1225,121,1346,0.08989598811292719,0.08291934703689814
MDV,2010,363,360,1851,231,2082,0.11095100864553314,0.10443085474657973
MDV,2011,1009,996,5318,863,6181,0.13962142048212264,0.11424560691463916
MDV,2012,1110,1100,5539,836,6375,0.1311372549019608,0.11285037922058688
MDV,2013,857,845,3385,627,4012,0.15628115653040878,0.1339906907962489
MDV,2014,890,884,3746,762,4508,0.16903283052351376,0.16316897901335023
MDV,2015,657,631,2813,654,3467,0.1886357081049899,0.17178716412233486
MDV,2016,605,555,2980,644,3624,0.17770419426048564,0.1503745466560112
MDV,2017,667,625,3552,682,4234,0.161076995748701,0.12856111405319112
MDV,2018,612,489,2876,601,3477,0.1728501581823411,0.14286877655911256
MDV,2019,1713,1707,9727,1882,11609,0.16211559996554398,0.14241946437196917
MDV,2020,575,575,2780,446,3226,0.13825170489770613,0.11933267004239864
MDV,2021,1239,1238,5860,959,6819,0.1406364569584983,0.13713176541636257
MDV,2022,1463,1460,7390,1503,8893,0.16900933318340267,0.1578476811517015
MDV,2023,1296,1280,5719,1125,6844,0.16437755698421974,0.15035468068790211
MDV,2024,2481,2301,9835,2273,12108,0.1877271225635943,0.1707413085519911
MEX,2015,45,5,29,4,33,0.12121212121212122,0.12380952380952381
MEX,2016,12,3,27,6,33,0.18181818181818182,0.5357142857142857
MEX,2017,1117,481,2929,563,3492,0.16122565864833907,0.13621696046528045
MEX,2018,885,327,2116,384,2500,0.1536,0.14262128036358435
MEX,2019,2408,1712,9599,2084,11683,0.17837884105109988,0.1617350501686114
MEX,2020,1026,663,3481,706,4187,0.16861714831621685,0.14855546905877517
MEX,2021,3539,2701,13220,2701,15921,0.16965014760379374,0.16061616884795024
MEX,2022,3955,3202,17760,4284,22044,0.19433859553620034,0.18294982674032817
MEX,2023,3836,3010,16925,5636,22561,0.2498116218252737,0.2473636526155747
MEX,2024,2786,2142,11319,4923,16242,0.3031030661248615,0.3107542600163406
MKD,2019,1,1,4,0,4,0.0,0.0
MKD,2020,152,146,487,118,605,0.19504132231404958,0.1832404717768813
MKD,2021,334,328,1257,296,1553,0.1905988409529942,0.20916196865486114
MKD,2022,390,389,1998,545,2543,0.21431380259535981,0.20554089063063655
MKD,2023,379,375,1964,577,2541,0.2270759543486816,0.20888236944591232
MKD,2024,315,312,1204,306,1510,0.20264900662251656,0.18026892241081435
MNE,2012,3,1,1,2,3,0.6666666666666666,0.6666666666666666
MNE,2013,3,2,6,4,10,0.4,0.41666666666666663
MNE,2014,11,11,66,12,78,0.15384615384615385,0.17201047744526005
MNE,2015,10,8,31,10,41,0.24390243902439024,0.3875
MNE,2016,33,32,189,44,233,0.1888412017167382,0.181094737574517
MNE,2017,528,517,3087,811,3898,0.20805541303232428,0.21349955061623033
MNE,2018,1138,1122,7400,1934,9334,0.2071994857510178,0.20323271781912008
MNE,2019,678,637,4114,1249,5363,0.23289203803841133,0.2628805055248246
MNE,2020,96,64,304,164,468,0.3504273504273504,0.3838782233042585
MNE,2021,643,571,2540,583,3123,0.1866794748639129,0.1972341198211162
MNE,2022,348,303,1650,403,2053,0.19629810034096445,0.19042893200524386
MNE,2023,364,258,1782,409,2191,0.18667275216795984,0.18630417981225783
MNE,2024,802,613,3223,878,4101,0.21409412338454037,0.19110378765803301
MNG,2015,196,3,1,3,4,0.75,0.8333333333333334
MNG,2021,287,273,1044,223,1267,0.17600631412786108,0.16988880707793375
MNG,2022,298,285,1263,386,1649,0.2340812613705276,0.22647886485403873
MNG,2023,421,408,2015,705,2720,0.25919117647058826,0.2274376565611655
MNG,2024,567,543,2655,861,3516,0.24488054607508533,0.23015337849900624
MOZ,2024,55,45,252,27,279,0.0967741935483871,0.09299707917354975
MRT,2019,2,2,3,0,3,0.0,0.0
MRT,2020,65,64,513,28,541,0.051756007393715345,0.04594579169003511
MRT,2021,196,190,1288,107,1395,0.07670250896057347,0.08628734569524044
MRT,2022,415,386,2524,295,2819,0.10464703795672224,0.1085943569789958
MRT,2023,383,339,2193,202,2395,0.08434237995824635,0.08425781431754198
MRT,2024,69,67,481,71,552,0.1286231884057971,0.11778499887586806
MYS,2021,1,0,0,0,0,,
MYS,2023,5,0,0,0,0,,
NER,2021,10,10,71,18,89,0.20224719101123595,0.22886363636363635
NER,2022,10,10,71,9,80,0.1125,0.13845238095238094
NER,2023,1,1,2,0,2,0.0,0.0
NER,2024,8,8,56,3,59,0.05084745762711865,0.035130718954248366
NGA,2022,84,78,296,56,352,0.1590909090909091,0.1237555514704836
NGA,2023,196,195,847,183,1030,0.17766990291262136,0.17682452802639287
NGA,2024,91,91,351,84,435,0.19310344827586207,0.13323317851436792
NLD,2011,8,7,29,1,30,0.03333333333333333,0.07142857142857142
NLD,2012,87,60,264,43,307,0.14006514657980457,0.1344574407074407
NLD,2013,74,59,204,56,260,0.2153846153846154,0.24449947416049111
NLD,2014,47,37,188,20,208,0.09615384615384616,0.1324000699000699
NLD,2015,84,53,166,32,198,0.16161616161616163,0.208775082359988
NLD,2016,28,21,91,15,106,0.14150943396226415,0.1442336763765335
NLD,2017,44,31,144,16,160,0.1,0.07634014730788924
NLD,2018,41,24,116,34,150,0.22666666666666666,0.20634920634920637
NLD,2019,99,87,469,246,715,0.34405594405594403,0.3782089614239716
NLD,2020,98,81,201,70,271,0.25830258302583026,0.46387623511806514
NLD,2021,322,279,1244,359,1603,0.22395508421709295,0.25440482719894486
NLD,2022,397,311,1599,586,2185,0.26819221967963386,0.31557236030472274
NLD,2023,367,276,1131,326,1457,0.2237474262182567,0.31134121685158056
NLD,2024,57,45,182,98,280,0.35,0.3813701440172028
NOR,2021,22,21,78,12,90,0.13333333333333333,0.16099773242630386
NOR,2022,135,112,422,104,526,0.19771863117870722,0.2258047297866515
NOR,2023,166,141,648,136,784,0.17346938775510204,0.1800624612708797
NOR,2024,155,144,597,156,753,0.20717131474103587,0.17877525593195742
NPL,2016,17,7,31,1,32,0.03125,0.03571428571428571
NPL,2017,129,63,443,85,528,0.16098484848484848,0.1669838065922561
NPL,2018,16,2,3,1,4,0.25,0.25
NPL,2019,5,3,10,0,10,0.0,0.0
NPL,2020,3,1,2,0,2,0.0,0.0
NPL,2024,1,1,7,3,10,0.3,0.3
NZL,2002,1,1,1,1,2,0.5,0.5
NZL,2004,9,9,31,2,33,0.06060606060606061,0.13333333333333333
NZL,2005,6,5,20,4,24,0.16666666666666666,0.16666666666666666
NZL,2006,40,37,106,17,123,0.13821138211382114,0.1862934362934363
NZL,2007,69,59,203,47,250,0.188,0.19445300462249615
NZL,2008,77,34,96,13,109,0.11926605504587157,0.08126432391138273
NZL,2009,17,10,49,3,52,0.057692307692307696,0.0388034188034188
NZL,2010,27,21,90,13,103,0.1262135922330097,0.1405488691202977
NZL,2011,11,7,18,5,23,0.21739130434782608,0.12925170068027209
NZL,2012,29,19,75,11,86,0.12790697674418605,0.09763993316624896
NZL,2013,48,24,80,15,95,0.15789473684210525,0.12212301587301587
NZL,2014,40,21,43,11,54,0.2037037037037037,0.18015873015873016
NZL,2015,87,43,105,42,147,0.2857142857142857,0.3197212993724622
NZL,2016,21,13,33,4,37,0.10810810810810811,0.11813186813186813
NZL,2017,22,17,67,21,88,0.23863636363636365,0.27031351001939236
NZL,2018,13,9,50,6,56,0.10714285714285714,0.26296296296296295
NZL,2019,16,11,39,21,60,0.35,0.40295055821371606
NZL,2020,4,2,5,5,10,0.5,0.6875
NZL,2021,1,1,0,1,1,1.0,1.0
NZL,2022,4,4,14,12,26,0.46153846153846156,0.6428571428571428
NZL,2023,2,2,9,4,13,0.3076923076923077,0.29166666666666663
NZL,2024,6,4,21,2,23,0.08695652173913043,0.08522727272727273
OMN,2020,12,6,15,2,17,0.11764705882352941,0.125
OMN,2021,257,250,959,258,1217,0.21199671322925226,0.16105453327202554
OMN,2022,491,482,2710,434,3144,0.13804071246819338,0.12976876600648027
OMN,2023,1054,1025,5556,873,6429,0.13579094727018198,0.11606529000042555
OMN,2024,812,777,4562,866,5428,0.15954310980103167,0.13986780329569284
PAK,2023,4,4,8,1,9,0.1111111111111111,0.08333333333333333
PAK,2024,7,7,74,6,80,0.075,0.06547619047619048
PAN,2010,193,185,1058,176,1234,0.1426256077795786,0.12871716402676156
PAN,2011,434,363,1950,436,2386,0.18273260687342832,0.15194178412067263
PAN,2012,719,690,3476,831,4307,0.19294172277687485,0.18206824013134623
PAN,2013,699,633,3174,885,4059,0.2180339985218034,0.20978177276996782
PAN,2014,644,582,2876,1029,3905,0.26350832266325225,0.2848236991279009
PAN,2015,726,667,3457,1443,4900,0.2944897959183673,0.32352860075157547
PAN,2016,993,873,4608,1683,6291,0.2675250357653791,0.30727459335662927
PAN,2017,846,733,4066,1775,5841,0.3038863208354734,0.34402431361801916
PAN,2018,751,720,3951,1995,5946,0.3355196770938446,0.3652837115325071
PAN,2019,798,782,4938,2372,7310,0.3244870041039672,0.33209917857274884
PAN,2020,1040,913,4405,2145,6550,0.32748091603053436,0.32263177391383224
PAN,2021,1290,1156,4952,2351,7303,0.3219224976037245,0.41998397197575627
PAN,2022,2247,2026,9025,4981,14006,0.3556333000142796,0.41250257548446345
PAN,2023,3401,3195,15553,8515,24068,0.3537892637527007,0.38183326757868913
PAN,2024,3013,2875,14889,7762,22651,0.3426780274601563,0.3387733045548613
PER,2017,1,0,0,0,0,,
PER,2018,1475,1298,8725,3111,11836,0.26284217641094965,0.2605309610318658
PER,2019,2367,2159,13628,5125,18753,0.27328960699621396,0.26417337492528237
PER,2020,775,480,2733,842,3575,0.23552447552447553,0.21692533652390295
PER,2021,1919,1454,7198,1749,8947,0.1954845199508215,0.1888711797811245
PER,2022,5077,4559,24255,8421,32676,0.2577120822622108,0.26330385484322905
PER,2023,9658,8865,51004,20053,71057,0.2822100567150316,0.2902365133813291
PER,2024,13409,12600,69522,29115,98637,0.2951732108640774,0.29967059744266783
PHL,1950,1,1,4,6,10,0.6,0.6
PHL,2000,1,1,3,0,3,0.0,0.0
PHL,2002,3,3,16,2,18,0.1111111111111111,0.08465608465608465
PHL,2013,482,471,5197,1716,6913,0.24822797627658036,0.2503648724866274
PHL,2014,1162,1123,12796,4376,17172,0.2548334498020033,0.26455300380113045
PHL,2015,756,734,7862,2814,10676,0.26358186586736604,0.2589780654717016
PHL,2016,1132,1097,11453,4839,16292,0.29701694082985514,0.2750187298817597
PHL,2017,1438,1400,10012,4000,14012,0.28546959748786754,0.2714654993968748
PHL,2018,2278,2223,15004,6146,21150,0.29059101654846337,0.27175340141443194
PHL,2019,2405,2307,15875,7118,22993,0.3095724785804375,0.2991295895336092
PHL,2020,1651,1478,8400,3039,11439,0.2656700760555993,0.2279716956376078
PHL,2021,1214,947,4342,1108,5450,0.20330275229357797,0.14204324892982825
PHL,2022,1300,1155,7564,2422,9986,0.24253955537752853,0.22265383798497101
PHL,2023,2096,2002,13480,4791,18271,0.26221881670406655,0.24335253590197212
PHL,2024,1677,1624,9338,2415,11753,0.2054794520547945,0.184053916727286
POL,2001,1,1,2,0,2,0.0,0.0
POL,2018,7,7,27,10,37,0.2702702702702703,0.13452380952380952
POL,2019,297,281,1875,383,2258,0.1696191319751993,0.12954013482383714
POL,2020,546,504,2103,228,2331,0.0978120978120978,0.08323723989342141
POL,2021,1848,1760,8537,1368,9905,0.1381120646138314,0.10661353407726919
POL,2022,2497,2432,13970,2702,16672,0.16206813819577734,0.13671895592765215
POL,2023,1552,1512,9352,2009,11361,0.17683302526186076,0.14296544705006795
POL,2024,1283,1264,7223,1897,9120,0.20800438596491228,0.18087428551822532
PRK,2017,722,544,2917,209,3126,0.06685860524632117,0.06388962567249987
PRK,2018,1565,1287,7255,927,8182,0.1132974822781716,0.1067060887278724
PRK,2019,619,554,2967,409,3376,0.12114928909952606,0.11518146915258828
PRT,2016,4,4,12,1,13,0.07692307692307693,0.03125
PRT,2017,5,5,13,0,13,0.0,0.0
PRT,2021,137,133,559,76,635,0.11968503937007874,0.12599107303331097
PRT,2022,190,174,903,197,1100,0.17909090909090908,0.22454233018127542
PRT,2023,195,167,966,209,1175,0.1778723404255319,0.1777105937848049
PRT,2024,134,118,672,136,808,0.16831683168316833,0.14709801877456521
PRY,2019,283,256,1503,556,2059,0.27003399708596404,0.2692071545827401
PRY,2020,635,544,2474,552,3026,0.18241903502974224,0.19068208983240398
PRY,2021,135,121,631,173,804,0.21517412935323382,0.19934066411914836
PRY,2022,594,552,3159,1137,4296,0.26466480446927376,0.2611267666554728
PRY,2023,103,97,559,181,740,0.2445945945945946,0.23538047845961735
PSE,2019,115,115,358,37,395,0.09367088607594937,0.06892817327599937
PSE,2020,4,3,4,0,4,0.0,0.0
PSE,2021,5,5,6,0,6,0.0,0.0
PSE,2022,3,3,4,0,4,0.0,0.0
PSE,2023,14,11,77,11,88,0.125,0.11277157186248096
PSE,2024,80,39,137,49,186,0.26344086021505375,0.32933732933732934
QAT,2012,1,1,2,0,2,0.0,0.0
QAT,2013,1,1,1,0,1,0.0,0.0
QAT,2014,54,51,134,17,151,0.11258278145695365,0.12816293183940242
QAT,2015,147,127,246,32,278,0.11510791366906475,0.11629483814523184
QAT,2016,116,92,292,45,337,0.13353115727002968,0.14173685613903003
QAT,2017,567,544,1722,285,2007,0.14200298953662183,0.11001802383788062
QAT,2018,711,686,2346,382,2728,0.14002932551319647,0.13342450813860432
QAT,2019,789,764,2860,509,3369,0.15108340753932917,0.13730707557656116
QAT,2020,610,586,2058,409,2467,0.16578840697203082,0.16721553127905434
QAT,2021,1044,1024,3139,666,3805,0.1750328515111695,0.16852130666279938
QAT,2022,1111,1104,4493,908,5401,0.16811701536752452,0.19010098145413193
QAT,2023,1345,1324,4927,1199,6126,0.19572314724126674,0.1961164206980645
QAT,2024,1238,1214,4908,1384,6292,0.2199618563254927,0.24417111941171724
ROU,2012,365,362,1591,123,1714,0.07176196032672112,0.05473303395589714
ROU,2013,1265,1238,6696,713,7409,0.09623430962343096,0.0748556005660431
ROU,2014,2594,2580,14828,1894,16722,0.11326396364071284,0.09479306710501362
ROU,2015,1410,1393,7073,906,7979,0.1135480636671262,0.106197642227054
ROU,2016,336,249,1271,183,1454,0.12585969738651995,0.11050575077860691
ROU,2017,245,167,964,98,1062,0.09227871939736347,0.07821054527641354
ROU,2018,314,254,1040,328,1368,0.23976608187134502,0.3430952881178071
ROU,2019,279,217,1076,256,1332,0.1921921921921922,0.2871907063211938
ROU,2020,358,298,1313,106,1419,0.07470049330514447,0.06591518101585216
ROU,2021,269,230,781,78,859,0.09080325960419092,0.06362267847242271
ROU,2022,574,465,2502,285,2787,0.10226049515608181,0.09115663888434286
ROU,2023,410,336,1787,267,2054,0.1299902629016553,0.1140359305143969
ROU,2024,422,306,1620,310,1930,0.16062176165803108,0.14183646138739323
RUS,1999,9,9,26,1,27,0.037037037037037035,0.037037037037037035
RUS,2000,767,764,4588,230,4818,0.047737650477376506,0.03930376430280188
RUS,2001,716,714,4105,172,4277,0.04021510404489128,0.03602961809523846
RUS,2002,712,711,3644,200,3844,0.05202913631633715,0.03798256866636117
RUS,2003,959,952,4864,342,5206,0.06569343065693431,0.04687205991625398
RUS,2004,725,723,3563,224,3787,0.059149722735674676,0.038524986857495884
RUS,2005,667,664,3391,202,3593,0.05622042861118842,0.046242318932680763
RUS,2006,625,623,3273,166,3439,0.04826984588543181,0.047235839293544156
RUS,2007,772,769,4239,307,4546,0.0675318961724593,0.058852730940239545
RUS,2008,947,946,4576,276,4852,0.05688375927452597,0.051718416971944944
RUS,2009,1180,1176,5921,446,6367,0.07004868855033768,0.055388842941337335
RUS,2010,2118,2109,11638,1040,12678,0.08203186622495662,0.07066543286895369
RUS,2011,2146,2138,11443,1387,12830,0.10810600155884645,0.08357464002777606
RUS,2012,1979,1961,10925,942,11867,0.07937979270245218,0.0732360431347509
RUS,2013,2773,2722,14921,1360,16281,0.08353295252134389,0.06738711121283221
RUS,2014,2857,2818,17044,1900,18944,0.10029560810810811,0.08496594641818762
RUS,2015,2562,2529,14729,1701,16430,0.10353012781497262,0.0814326295713579
RUS,2016,2672,2644,15570,1456,17026,0.08551626923528721,0.07342693307869397
RUS,2017,3744,3711,22348,2649,24997,0.10597271672600712,0.08610965599208538
RUS,2018,3908,3834,24077,3022,27099,0.11151703014871397,0.09372470801566804
RUS,2019,4129,4058,24907,2853,27760,0.10277377521613833,0.09227448879994979
RUS,2020,1577,1513,6774,878,7652,0.11474124411918453,0.07833205827008272
RUS,2021,1647,1596,6035,760,6795,0.11184694628403238,0.07837025842111306
RUS,2022,1798,1766,6547,867,7414,0.11694092257890477,0.08035077736879634
RUS,2023,3126,3086,13649,1541,15190,0.10144832126398946,0.07573808451999887
RUS,2024,3840,3787,18777,2313,21090,0.1096728307254623,0.0851851988172783
RWA,2017,47,46,338,52,390,0.13333333333333333,0.12373826620949382
RWA,2018,35,35,262,47,309,0.15210355987055016,0.1354032475461047
RWA,2019,128,127,1243,126,1369,0.09203798392987582,0.09672025544346508
RWA,2020,39,38,194,16,210,0.0761904761904762,0.05790612895876054
RWA,2021,141,91,318,36,354,0.1016949152542373,0.08240271633128776
RWA,2022,179,168,864,152,1016,0.14960629921259844,0.13760106665555027
RWA,2023,151,132,766,110,876,0.12557077625570776,0.11658709953460869
RWA,2024,82,81,424,79,503,0.15705765407554673,0.09772981705049727
SAU,2023,11,11,62,3,65,0.046153846153846156,0.06123737373737374
SAU,2024,18,18,108,17,125,0.136,0.12621252204585537
SGP,2007,2,2,4,2,6,0.3333333333333333,0.25
SGP,2008,5,5,16,5,21,0.23809523809523808,0.14166666666666666
SGP,2009,19,18,84,7,91,0.07692307692307693,0.09574915824915825
SGP,2010,5,5,13,1,14,0.07142857142857142,0.04
SGP,2011,53,46,189,24,213,0.11267605633802817,0.10067155067155066
SGP,2012,128,126,499,68,567,0.11992945326278659,0.0960180770278085
SGP,2013,171,152,533,65,598,0.10869565217391304,0.10008890962838331
SGP,2014,126,126,435,40,475,0.08421052631578947,0.06218634306869601
SGP,2015,179,178,698,89,787,0.11308767471410419,0.08993519699071582
SGP,2016,253,251,911,126,1037,0.12150433944069432,0.10483464079081609
SGP,2017,241,240,1068,164,1232,0.1331168831168831,0.1121269907124329
SGP,2018,278,274,1284,209,1493,0.13998660415271266,0.13733624164628302
SGP,2019,334,333,1465,290,1755,0.16524216524216523,0.16258168665244926
SGP,2020,118,115,423,82,505,0.16237623762376238,0.15671857128378866
SGP,2021,318,307,832,171,1003,0.17048853439680958,0.18967685090026534
SGP,2022,436,434,1753,420,2173,0.1932811780947998,0.18423279636446696
SGP,2023,433,427,2031,459,2490,0.18433734939759036,0.1872974294010218
SGP,2024,266,266,1232,295,1527,0.19318925998690242,0.16731030527004595
SLE,2022,79,74,603,89,692,0.12861271676300579,0.13432495013377369
SLE,2023,280,276,1932,402,2334,0.17223650385604114,0.15599268627257867
SLE,2024,363,361,2208,507,2715,0.1867403314917127,0.16445255745393075
SLV,2019,90,90,523,180,703,0.25604551920341395,0.25837809322662597
SLV,2020,53,52,250,115,365,0.3150684931506849,0.36660077636039173
SLV,2021,2732,2509,9123,4583,13706,0.33437910404202537,0.38556002339991474
SLV,2022,5748,5404,24255,13290,37545,0.3539752297243308,0.4172819842078079
SLV,2023,7416,6980,33769,20042,53811,0.37245172920034936,0.4151108451906992
SLV,2024,6026,5598,26198,15592,41790,0.37310361330461833,0.40325930928113596
SOM,2015,1,0,0,0,0,,
SOM,2024,881,845,4565,561,5126,0.10944206008583691,0.1157240624760364
SRB,2004,313,306,1307,57,1364,0.041788856304985335,0.027652431083803632
SRB,2005,387,374,1923,102,2025,0.05037037037037037,0.03455956921866013
SRB,2006,402,391,1896,118,2014,0.05858987090367428,0.04572322037155797
SRB,2007,282,277,1372,136,1508,0.09018567639257294,0.06958117388144995
SRB,2008,245,235,685,57,742,0.07681940700808626,0.03301506586863283
SRB,2009,315,309,1252,143,1395,0.1025089605734767,0.06662542330018058
SRB,2010,328,318,1218,106,1324,0.08006042296072508,0.04858754617356171
SRB,2011,304,297,1009,122,1131,0.10786914235190097,0.061780699659487535
SRB,2012,435,422,1461,127,1588,0.07997481108312343,0.05784634664966418
SRB,2013,775,763,2956,329,3285,0.10015220700152207,0.07104051643292013
SRB,2014,751,721,2840,270,3110,0.08681672025723473,0.06496783538554514
SRB,2015,1072,1045,3872,513,4385,0.11698973774230331,0.07785322473754785
SRB,2016,1078,1055,3917,545,4462,0.12214253697893321,0.08572229312805663
SRB,2017,951,930,3423,546,3969,0.13756613756613756,0.14223881370228617
SRB,2018,1020,998,4249,882,5131,0.17189631650750342,0.18869289883640566
SRB,2019,800,791,4596,1074,5670,0.18941798941798943,0.1744282327284112
SRB,2020,453,443,2523,481,3004,0.16011984021304926,0.132484525147863
SRB,2021,1361,1309,7238,1371,8609,0.1592519456382855,0.14545330383180877
SRB,2022,1771,1737,8964,1945,10909,0.17829315244293703,0.14741630802475073
SRB,2023,1605,1554,8726,2195,10921,0.2009889204285322,0.18092776285338494
SRB,2024,709,679,3845,1118,4963,0.22526697561958492,0.21582920630512747
SUR,2020,102,69,373,116,489,0.23721881390593047,0.2572120025495312
SUR,2021,1220,797,4017,812,4829,0.16815075585007247,0.17483601608659308
SUR,2022,3700,3069,18132,3562,21694,0.1641928643864663,0.17153851704581738
SUR,2023,4893,4069,25127,7189,32316,0.22245946280480258,0.23450968848041293
SUR,2024,4425,3935,23882,6953,30835,0.22549051402626885,0.24371628413406557
SVK,1970,2,2,7,3,10,0.3,0.1875
SVK,2009,18,15,59,7,66,0.10606060606060606,0.1174074074074074
SVK,2010,98,89,339,71,410,0.17317073170731706,0.19565571756582992
SVK,2011,70,48,374,35,409,0.08557457212713937,0.07955695312312959
SVK,2012,243,228,850,152,1002,0.15169660678642716,0.10316817403011148
SVK,2013,558,527,2243,316,2559,0.12348573661586557,0.09885359931873877
SVK,2014,545,522,2961,479,3440,0.13924418604651162,0.11942213843091017
SVK,2015,418,405,2481,380,2861,0.1328206920657113,0.11051480521110799
SVK,2016,364,352,2140,424,2564,0.16536661466458658,0.14603928243641004
SVK,2017,183,178,901,165,1066,0.15478424015009382,0.14951650395812244
SVK,2018,58,52,266,49,315,0.15555555555555556,0.0968407667324076
SVK,2019,10,6,35,4,39,0.10256410256410256,0.07467793880837359
SVK,2020,20,13,58,7,65,0.1076923076923077,0.11325145442792503
SVK,2021,21,16,34,12,46,0.2608695652173913,0.24204545454545454
SVK,2022,12,8,28,9,37,0.24324324324324326,0.16786858974358973
SVK,2023,15,9,28,7,35,0.2,0.10675381263616558
SVK,2024,213,207,1134,191,1325,0.14415094339622642,0.13238171996528886
SVN,2019,303,272,1594,403,1997,0.20180270405608414,0.20948790719024468
SVN,2020,622,564,1983,347,2330,0.14892703862660944,0.15435284638527466
SVN,2021,1104,1039,3683,713,4396,0.16219290263876252,0.16238958356310224
SVN,2022,795,731,3405,1032,4437,0.2325895875591616,0.23943517354176244
SVN,2023,814,755,3817,1422,5239,0.27142584462683716,0.2888652807177416
SVN,2024,776,719,3274,1251,4525,0.2764640883977901,0.3085717662521189
SWE,2014,1,1,4,1,5,0.2,0.2
SWE,2015,15,12,46,9,55,0.16363636363636364,0.1595238095238095
SWE,2016,13,6,19,5,24,0.20833333333333334,0.2722222222222222
SWE,2017,10,6,36,9,45,0.2,0.28055555555555556
SWE,2018,24,12,66,33,99,0.3333333333333333,0.4394493177387914
SWE,2019,4,2,4,3,7,0.42857142857142855,0.45
SWE,2020,2,1,2,6,8,0.75,0.75
SWE,2021,2,1,1,1,2,0.5,0.5
SWE,2022,3,1,3,0,3,0.0,0.0
SWE,2023,16,14,71,20,91,0.21978021978021978,0.14583333333333331
SWE,2024,39,37,203,35,238,0.14705882352941177,0.2113905613905614
SYC,2010,104,103,357,44,401,0.10972568578553615,0.10469336488753965
SYC,2011,133,128,568,74,642,0.11526479750778816,0.07092938528485404
SYC,2012,197,187,850,99,949,0.10432033719704953,0.08194305255550102
SYC,2013,190,185,572,114,686,0.1661807580174927,0.10894943644943646
SYC,2014,160,160,658,84,742,0.11320754716981132,0.09947619476112123
SYC,2015,172,172,734,127,861,0.14750290360046459,0.11694428225293478
SYC,2016,157,156,637,138,775,0.17806451612903226,0.24913561521831348
SYC,2017,387,325,1180,290,1470,0.19727891156462585,0.30469283331048036
SYC,2018,372,270,1359,241,1600,0.150625,0.14584677851873976
SYC,2019,351,303,1616,342,1958,0.17466802860061287,0.15407962673925338
SYC,2020,197,193,1224,196,1420,0.13802816901408452,0.12423449815271147
SYC,2021,225,223,925,145,1070,0.13551401869158877,0.12071989730779939
SYC,2022,217,214,1280,197,1477,0.13337846987136087,0.11791227250144093
SYC,2023,161,153,711,127,838,0.1515513126491647,0.18015735866081886
SYC,2024,177,169,967,228,1195,0.1907949790794979,0.17180715568243735
SYR,2013,4,2,2,0,2,0.0,0.0
SYR,2014,3,1,9,1,10,0.1,0.1
SYR,2015,56,53,297,26,323,0.0804953560371517,0.058593275019468136
SYR,2016,71,71,416,26,442,0.058823529411764705,0.04243485962624322
SYR,2017,71,71,414,13,427,0.03044496487119438,0.021371117145765034
SYR,2018,3316,2413,14519,2194,16713,0.13127505534613773,0.13859348593252538
SYR,2019,6447,4410,24737,4017,28754,0.13970230228837727,0.14300449030256895
SYR,2020,6832,4115,20549,3020,23569,0.12813441384869956,0.1381090468781932
SYR,2021,6743,4473,24263,3501,27764,0.1260985448782596,0.14274364979001805
SYR,2022,5940,4368,21836,2905,24741,0.11741643425892244,0.13103658996879453
SYR,2023,4997,3773,19542,2779,22321,0.12450159043053627,0.13210158559331106
SYR,2024,4095,3070,15908,2186,18094,0.12081352934674477,0.1292258760676459
TGO,2024,12,12,144,13,157,0.08280254777070063,0.10942798171900338
TJK,2005,1,1,1,0,1,0.0,0.0
TJK,2006,1,1,1,0,1,0.0,0.0
TJK,2007,3,3,3,0,3,0.0,0.0
TJK,2008,3,3,7,0,7,0.0,0.0
TJK,2009,3,3,4,0,4,0.0,0.0
TJK,2010,4,4,8,0,8,0.0,0.0
TJK,2011,4,4,4,0,4,0.0,0.0
TJK,2012,926,925,6600,694,7294,0.09514669591445023,0.07921870366735087
TJK,2013,2936,2890,22682,2507,25189,0.09952757155901386,0.08845160793716102
TJK,2014,2657,2593,18534,2079,20613,0.10085868141464124,0.08549311571695098
TJK,2015,3247,3147,22717,2888,25605,0.11279047061120875,0.09681812801529342
TJK,2016,3644,3405,25662,4179,29841,0.14004222378606615,0.1189626193560421
TJK,2017,2507,2435,16281,2056,18337,0.11212302993946666,0.08413667009398954
TJK,2018,2917,2699,19071,2218,21289,0.10418525999342383,0.07697048639049095
TJK,2019,3867,3652,24273,3853,28126,0.13699068477565243,0.10319900901768198
TJK,2020,3063,2620,17025,2688,19713,0.13635671891645107,0.11559544385663244
TJK,2021,4981,4524,29535,6022,35557,0.16936186967404449,0.1331378139373982
TJK,2022,8513,7374,52797,8538,61335,0.13920273905600392,0.11783525046649058
TJK,2023,9299,8130,52858,8737,61595,0.14184592905268284,0.12122806932228325
TJK,2024,9714,8823,58700,10613,69313,0.15311701989525775,0.13499102361168813
TKM,2016,56,44,285,32,317,0.10094637223974763,0.12630226133515607
TKM,2017,810,696,4222,683,4905,0.13924566768603466,0.13948221662688007
TKM,2018,988,876,6288,900,7188,0.12520868113522537,0.13876569582282294
TKM,2019,1284,1056,7642,1220,8862,0.13766644098397654,0.14419209144448672
TKM,2020,1062,924,4895,585,5480,0.10675182481751824,0.09793854717992072
TKM,2021,932,768,4372,471,4843,0.09725376832541813,0.11329593464697713
TKM,2022,1036,850,5057,625,5682,0.1099964801126364,0.10790958127662412
TKM,2023,352,264,1180,171,1351,0.12657290895632864,0.12429655440552921
TKM,2024,280,225,913,117,1030,0.11359223300970873,0.13116473894182873
TLS,2010,253,216,1149,134,1283,0.1044427123928293,0.1251788263328296
TLS,2011,191,180,957,164,1121,0.1462979482604817,0.15282231249143013
TLS,2012,99,92,535,56,591,0.09475465313028765,0.10496428834024742
TLS,2013,210,204,1189,128,1317,0.09719058466211086,0.09582679031208444
TLS,2014,149,142,757,85,842,0.10095011876484561,0.09170571097870187
TLS,2015,191,175,887,117,1004,0.11653386454183266,0.10714970743542171
TLS,2016,163,158,1016,159,1175,0.13531914893617022,0.13342983906554273
TLS,2017,140,130,842,170,1012,0.16798418972332016,0.15182205614897923
TLS,2018,79,78,459,59,518,0.1138996138996139,0.1099365608415382
TLS,2019,121,118,778,95,873,0.10882016036655212,0.09867996530738567
TLS,2020,106,94,595,66,661,0.09984871406959153,0.0918857442793613
TLS,2021,135,130,751,80,831,0.09626955475330927,0.1146017871017871
TLS,2022,97,91,469,66,535,0.1233644859813084,0.13638985090180952
TLS,2023,397,375,2070,355,2425,0.1463917525773196,0.14399267551620493
TLS,2024,985,931,5017,961,5978,0.16075610572097693,0.1700048256928488
TTO,2015,14,14,34,7,41,0.17073170731707318,0.12976190476190477
TTO,2016,341,332,1230,325,1555,0.2090032154340836,0.19914489794007864
TTO,2017,150,144,765,170,935,0.18181818181818182,0.1561568078571755
TTO,2018,66,66,374,62,436,0.14220183486238533,0.11233482426664244
TTO,2019,98,91,350,78,428,0.1822429906542056,0.14702992367827533
TTO,2020,273,223,602,85,687,0.12372634643377002,0.08890223503452203
TTO,2021,276,222,579,93,672,0.13839285714285715,0.09759864252898308
TTO,2022,267,239,837,128,965,0.13264248704663212,0.12090961979256663
TTO,2023,216,195,649,140,789,0.17743979721166034,0.13866911118042338
TTO,2024,320,292,1336,291,1627,0.17885679164105717,0.17109168502953756
TUR,2014,1684,1671,11257,1630,12887,0.12648405369752463,0.11755587319216848
TUR,2015,8964,8903,60834,10766,71600,0.15036312849162012,0.13437381508320548
TUR,2016,11012,10966,75564,12059,87623,0.13762368327950425,0.12625279415157814
TUR,2017,14956,14866,96328,16425,112753,0.1456723989605598,0.12698278015341571
TUR,2018,18980,18752,122277,19058,141335,0.1348427494958786,0.11399559648536046
TUR,2019,18460,18260,124849,19033,143882,0.13228200886837826,0.12027878529839987
TUR,2020,5091,5075,31047,3282,34329,0.09560429957179062,0.07763711389686488
TUR,2021,7065,7049,44314,6558,50872,0.128911778581538,0.12520945539080178
TUR,2022,10737,10710,68210,11721,79931,0.14663897611690083,0.13150941788852855
TUR,2023,8885,8803,56279,9392,65671,0.14301594311035312,0.13332771100659782
TUR,2024,6239,6201,39976,6756,46732,0.14456903192673115,0.1340374529734949
TWN,2007,18,18,64,10,74,0.13513513513513514,0.11155202821869488
TWN,2008,134,132,520,68,588,0.11564625850340136,0.08974590224590225
TWN,2009,48,48,203,33,236,0.13983050847457626,0.10094768170426065
TWN,2010,35,35,200,15,215,0.06976744186046512,0.04510296426262813
TWN,2011,267,267,1344,187,1531,0.12214239059438275,0.10139360529314265
TWN,2012,224,224,1074,135,1209,0.11166253101736973,0.09672751603555174
TWN,2013,243,242,1332,120,1452,0.08264462809917356,0.07774642712659241
TWN,2014,210,210,1160,131,1291,0.10147172734314484,0.0903170489968367
TWN,2015,228,227,1108,142,1250,0.1136,0.09444016580580458
TWN,2016,433,430,2102,552,2654,0.2079879427279578,0.27549242186482087
TWN,2017,954,945,5071,1471,6542,0.22485478446958118,0.2873131324868265
TWN,2018,1128,1113,6651,1746,8397,0.20793140407288319,0.26732922098501843
TWN,2019,1222,1197,7338,1911,9249,0.20661693156016867,0.27797059886537334
TWN,2020,460,429,1970,561,2531,0.22165152113789016,0.357605302752957
TWN,2021,330,301,1293,391,1684,0.2321852731591449,0.41814195017765676
TWN,2022,880,848,4977,1160,6137,0.1890174352289392,0.276768586017445
TWN,2023,1149,1124,7120,2041,9161,0.2227922715860714,0.3064833679603465
TWN,2024,904,885,5504,1187,6691,0.17740248094455238,0.20262103277513188
TZA,2013,1,1,2,0,2,0.0,0.0
TZA,2015,1,1,6,1,7,0.14285714285714285,0.14285714285714285
TZA,2016,73,67,342,41,383,0.10704960835509138,0.13534844094545587
TZA,2017,91,91,463,74,537,0.1378026070763501,0.15583642547928261
TZA,2018,156,152,782,144,926,0.15550755939524838,0.14367123749761845
TZA,2019,230,228,1426,272,1698,0.160188457008245,0.1713518579042247
TZA,2020,127,127,665,118,783,0.15070242656449553,0.16495446746141512
TZA,2021,555,555,3325,732,4057,0.18042888834113877,0.22539270861905134
TZA,2022,368,368,2008,584,2592,0.22530864197530864,0.24400294758224828
TZA,2023,320,317,1906,580,2486,0.2333065164923572,0.25991348299607814
TZA,2024,481,480,4127,805,4932,0.1632197891321979,0.1778574074014318
UGA,2021,101,99,786,157,943,0.1664899257688229,0.16364877696827224
UGA,2022,389,378,2780,685,3465,0.1976911976911977,0.20875112273583943
UGA,2023,208,202,1533,390,1923,0.20280811232449297,0.21634997068800774
UGA,2024,338,330,2196,493,2689,0.1833395314243213,0.200756366458801
UKR,2012,25,16,33,1,34,0.029411764705882353,0.015625
UKR,2013,413,286,1174,105,1279,0.08209538702111024,0.06617678164880962
UKR,2014,385,295,1448,110,1558,0.07060333761232349,0.07367024218719133
UKR,2015,213,179,770,127,897,0.1415830546265329,0.148619089130098
UKR,2016,232,193,818,135,953,0.1416579223504722,0.165417574880351
UKR,2017,195,124,594,114,708,0.16101694915254236,0.14447642016427595
UKR,2018,194,107,613,95,708,0.134180790960452,0.10196916936542715
UKR,2019,1158,1087,6562,1115,7677,0.14523902566106553,0.13007797220630254
UKR,2020,1683,1569,8682,1509,10191,0.14807182808360317,0.13660151963278155
UKR,2021,2577,2471,12444,2854,15298,0.18656033468427247,0.17094081166749964
UKR,2022,6990,6796,28276,4449,32725,0.1359511077158136,0.12874978157257855
UKR,2023,9143,8901,45437,8877,54314,0.16343852413742313,0.14767577543460605
UKR,2024,9237,8993,43605,10524,54129,0.1944244305270742,0.18725147110371657
URY,2000,3,3,8,1,9,0.1111111111111111,0.1111111111111111
URY,2010,105,100,507,60,567,0.10582010582010581,0.10689009846362789
URY,2011,1233,1083,3860,717,4577,0.15665282936421238,0.1394099501847587
URY,2012,2674,2136,7161,1379,8540,0.16147540983606556,0.14774889247404857
URY,2013,3415,2708,9554,1982,11536,0.1718099861303745,0.1550212242858387
URY,2014,2283,1849,7787,1856,9643,0.19247122264855335,0.18032436077151487
URY,2015,3866,3132,13005,3241,16246,0.19949526037178383,0.19753391707229515
URY,2016,4459,3487,15412,4141,19553,0.21178335805247275,0.21356388957690428
URY,2017,3820,3089,12929,3533,16462,0.2146154780707083,0.21171009759854667
URY,2018,2977,2437,10562,2677,13239,0.2022056046529194,0.19393870508703304
URY,2019,2895,2283,10698,2830,13528,0.20919574216439976,0.20028441270447947
URY,2020,1542,1039,4991,1014,6005,0.16885928393005828,0.15454119044019865
URY,2021,1847,1170,5272,1241,6513,0.19054199293720253,0.1934823382299101
URY,2022,1567,1300,6849,1793,8642,0.20747512149965286,0.20434725091830305
URY,2023,1480,1387,7725,2044,9769,0.20923328897533014,0.20343353610257373
URY,2024,1354,1260,7102,2180,9282,0.23486317603964663,0.2345821276574262
USA,2001,112,108,536,37,573,0.06457242582897033,0.05658590380812603
USA,2002,511,490,2227,237,2464,0.09618506493506493,0.0773095438992324
USA,2003,486,471,2219,239,2458,0.09723352318958503,0.08049243455294411
USA,2004,572,548,2503,306,2809,0.10893556425774296,0.09590681818300968
USA,2005,922,898,4156,517,4673,0.11063556601754762,0.09913677327374432
USA,2006,891,878,4098,492,4590,0.10718954248366012,0.09598009962271899
USA,2007,843,825,3663,499,4162,0.11989428159538683,0.10190318198339589
USA,2008,950,934,4033,585,4618,0.1266782156777826,0.10333868827775491
USA,2009,192,192,469,224,693,0.32323232323232326,0.4263260610916861
USA,2010,345,283,1884,511,2395,0.21336116910229644,0.23835227998627775
USA,2011,852,712,4469,1235,5704,0.2165147265077139,0.21822499432056894
USA,2012,501,414,2594,746,3340,0.22335329341317364,0.22799233386140633
USA,2013,609,454,2949,812,3761,0.21590002658867322,0.21791788013772062
USA,2014,918,584,3416,947,4363,0.21705248682099473,0.21102856036286613
USA,2015,1486,1004,5407,1783,7190,0.24798331015299027,0.2556375636489649
USA,2016,869,451,2218,690,2908,0.23727647867950483,0.2532516221349706
USA,2017,328,270,1467,457,1924,0.23752598752598753,0.25871716603097755
USA,2018,904,778,3424,1030,4454,0.2312528064660979,0.22744734845820494
USA,2019,55,47,174,25,199,0.12562814070351758,0.15794430156132283
USA,2020,153,112,492,126,618,0.20388349514563106,0.16022764944218393
USA,2021,22,9,32,14,46,0.30434782608695654,0.4466218966218966
USA,2022,10,8,31,13,44,0.29545454545454547,0.3464285714285714
USA,2023,8,8,54,7,61,0.11475409836065574,0.15178571428571427
USA,2024,3,1,13,0,13,0.0,0.0
UZB,2016,41,9,83,20,103,0.1941747572815534,0.13503086419753085
UZB,2017,661,225,931,92,1023,0.08993157380254155,0.05973125719723586
UZB,2018,1607,746,4663,792,5455,0.14518790100824933,0.13368159756733655
UZB,2019,2447,1356,8022,1551,9573,0.16201817612033845,0.1354298379271681
UZB,2020,2355,1555,6760,481,7241,0.06642728904847396,0.04848583423474168
UZB,2021,4675,3746,19779,2238,22017,0.10164872598446655,0.08099411314382304
UZB,2022,5472,4213,24258,3500,27758,0.12608977592045537,0.09836586013907354
UZB,2023,5252,4180,23153,2953,26106,0.11311575882938787,0.09162765633411418
UZB,2024,4337,3541,20412,2089,22501,0.09284031820807964,0.07639890015223108
VCT,2010,1,0,0,0,0,,
VCT,2014,11,10,32,6,38,0.15789473684210525,0.1590909090909091
VCT,2015,10,6,18,7,25,0.28,0.22777777777777777
VCT,2016,26,16,63,7,70,0.1,0.21006944444444445
VCT,2017,15,8,29,10,39,0.2564102564102564,0.4470779220779221
VCT,2018,28,19,100,21,121,0.17355371900826447,0.21874879506458456
VCT,2019,42,42,172,32,204,0.1568627450980392,0.20596972122182208
VCT,2020,28,27,114,44,158,0.27848101265822783,0.27878410623508665
VCT,2021,17,10,20,7,27,0.25925925925925924,0.23333333333333334
VCT,2022,44,42,211,69,280,0.24642857142857144,0.33620105528000266
VCT,2023,47,39,154,66,220,0.3,0.3701479076479076
VCT,2024,29,22,80,31,111,0.27927927927927926,0.2609848484848485
VEN,2018,1,1,6,4,10,0.4,0.4
VEN,2019,22,21,183,30,213,0.14084507042253522,0.1844084603538385
VEN,2020,18,17,68,15,83,0.18072289156626506,0.20700280112044817
VEN,2021,25,23,92,16,108,0.14814814814814814,0.14977703455964325
VEN,2022,3,2,9,4,13,0.3076923076923077,0.3611111111111111
VEN,2023,173,173,916,161,1077,0.14948932219127206,0.1407560722929645
VEN,2024,1411,1375,7286,2063,9349,0.22066531179805327,0.19650719304150205
VNM,2022,13,13,63,5,68,0.07352941176470588,0.09160839160839161
VNM,2024,1,1,2,0,2,0.0,0.0
WSM,2014,19,18,132,24,156,0.15384615384615385,0.17494449994449993
WSM,2015,158,136,594,144,738,0.1951219512195122,0.1882355051740182
WSM,2016,66,58,311,89,400,0.2225,0.20453019203019204
WSM,2017,15,13,81,18,99,0.18181818181818182,0.17024172408787794
WSM,2018,64,61,241,90,331,0.2719033232628399,0.2916669851096081
WSM,2020,253,29,44,15,59,0.2542372881355932,0.2167487684729064
WSM,2022,287,169,818,297,1115,0.2663677130044843,0.2604769361364139
WSM,2023,254,232,989,334,1323,0.25245653817082386,0.2881974091363074
WSM,2024,199,181,878,282,1160,0.24310344827586206,0.26397140534126284
XKX,2022,194,186,1036,462,1498,0.308411214953271,0.3528352109459984
XKX,2023,203,187,1111,416,1527,0.2724296005239031,0.30909932632520004
XKX,2024,239,215,988,474,1462,0.32421340629274964,0.36255166705484754
YEM,2018,4,1,1,0,1,0.0,0.0
YEM,2019,8,6,9,1,10,0.1,0.05555555555555555
YEM,2021,39,18,61,11,72,0.1527777777777778,0.07936507936507936
YEM,2022,8,3,7,0,7,0.0,0.0
YEM,2023,6,3,6,1,7,0.14285714285714285,0.1111111111111111
YEM,2024,41,10,39,10,49,0.20408163265306123,0.3028571428571428
ZAF,2013,1,0,0,0,0,,
ZAF,2014,3,1,1,0,1,0.0,0.0
ZAF,2015,30,11,50,6,56,0.10714285714285714,0.1300133689839572
ZAF,2016,10,2,2,1,3,0.3333333333333333,0.25
ZAF,2017,4,0,0,0,0,,
ZAF,2018,7,4,18,3,21,0.14285714285714285,0.057692307692307696
ZAF,2019,4,3,3,0,3,0.0,0.0
ZAF,2020,13,5,19,1,20,0.05,0.04
ZAF,2021,4,0,0,0,0,,
ZAF,2022,6,2,2,0,2,0.0,0.0
ZAF,2023,1,0,0,0,0,,
ZAF,2024,25,0,0,0,0,,
