country,year,n_news,n_images_people,male_total,female_total,people_total,female_ratio
AGO,2022,304,304,1638,445,2083,0.21363418146903504
AGO,2023,300,300,1531,356,1887,0.1886592474827769
AGO,2024,269,269,1422,309,1731,0.17850953206239167
ALB,2017,11,11,65,15,80,0.1875
ALB,2022,1,2,4,0,4,0.0
ALB,2024,15,29,201,87,288,0.3020833333333333
AND,2009,162,219,994,142,1136,0.125
AND,2010,483,717,3429,525,3954,0.13277693474962063
AND,2011,236,252,1113,206,1319,0.1561789234268385
AND,2012,351,351,1435,311,1746,0.17812142038946163
AND,2013,337,337,1507,332,1839,0.18053289831430125
AND,2014,395,395,1893,405,2298,0.1762402088772846
AND,2015,382,443,1838,443,2281,0.19421306444541866
AND,2016,465,465,2194,646,2840,0.22746478873239437
AND,2017,542,542,2245,682,2927,0.23300307482063545
AND,2018,567,567,2631,789,3420,0.2307017543859649
AND,2019,571,592,2923,964,3887,0.2480061744275791
AND,2020,723,735,2237,685,2922,0.23442847364818617
AND,2021,808,835,2776,960,3736,0.2569593147751606
AND,2022,779,809,3462,1300,4762,0.2729945401091978
AND,2023,775,819,3609,1334,4943,0.2698765931620473
AND,2024,698,1062,5237,2034,7271,0.2797414385916655
ARE,2024,1,1,1,0,1,0.0
ARG,2015,76,284,1198,191,1389,0.1375089992800576
ARG,2016,441,1852,9874,2086,11960,0.17441471571906356
ARG,2017,487,1841,9231,1612,10843,0.14866734298625842
ARG,2018,389,1370,6975,1168,8143,0.14343608006877073
ARG,2019,313,1082,5703,1019,6722,0.15159178815828622
ARG,2020,298,793,3689,594,4283,0.13868783562923184
ARG,2021,453,1263,5137,921,6058,0.15203037306041597
ARG,2022,425,1655,7955,1749,9704,0.18023495465787304
ARG,2023,342,1526,7935,1601,9536,0.16789010067114093
ARG,2024,293,1392,6904,1588,8492,0.18699952896844088
ARM,2003,2,2,2,0,2,0.0
ARM,2004,1,1,1,0,1,0.0
ARM,2005,3,3,7,0,7,0.0
ARM,2006,1,1,12,0,12,0.0
ARM,2007,60,97,441,39,480,0.08125
ARM,2008,118,232,944,73,1017,0.07177974434611603
ARM,2009,131,284,1374,100,1474,0.06784260515603799
ARM,2010,69,123,713,47,760,0.06184210526315789
ARM,2014,20,20,154,27,181,0.14917127071823205
ARM,2015,171,171,1003,169,1172,0.14419795221843004
ARM,2016,133,133,737,71,808,0.08787128712871287
ARM,2017,132,132,513,47,560,0.08392857142857142
ARM,2018,500,5027,27328,3287,30615,0.10736567042299526
ARM,2019,624,5120,28342,3588,31930,0.1123708111493893
ARM,2020,580,2906,13916,1724,15640,0.110230179028133
ARM,2021,542,3233,15054,1608,16662,0.09650702196615052
ARM,2022,533,4118,21063,2427,23490,0.1033205619412516
ARM,2023,610,5353,29823,4393,34216,0.12839022679448212
ARM,2024,515,5645,29389,4705,34094,0.13800082125887253
AUS,2015,1,1,3,0,3,0.0
AUS,2018,1,1,0,2,2,1.0
AUS,2019,5,7,42,14,56,0.25
AUS,2020,41,81,322,111,433,0.25635103926096997
AUS,2021,47,83,352,163,515,0.31650485436893205
AUS,2022,37,68,255,116,371,0.31266846361185985
AUS,2023,12,22,74,25,99,0.25252525252525254
AUS,2024,7,22,96,45,141,0.3191489361702128
AUT,2018,69,116,699,187,886,0.2110609480812641
AUT,2019,81,129,720,268,988,0.27125506072874495
AUT,2020,14,16,59,22,81,0.2716049382716049
AUT,2021,33,39,141,41,182,0.22527472527472528
AUT,2022,18,28,116,80,196,0.40816326530612246
AUT,2023,52,65,255,163,418,0.38995215311004783
AUT,2024,87,96,443,138,581,0.23752151462994836
AZE,2010,61,136,750,30,780,0.038461538461538464
AZE,2011,63,160,645,43,688,0.0625
AZE,2012,84,248,1164,69,1233,0.05596107055961071
AZE,2013,70,257,1430,73,1503,0.04856952761144378
AZE,2014,95,410,2571,137,2708,0.050590841949778434
AZE,2015,85,395,2660,409,3069,0.13326816552623005
AZE,2016,95,428,1871,205,2076,0.098747591522158
AZE,2017,105,433,2185,137,2322,0.05900086132644272
AZE,2018,167,554,2903,280,3183,0.08796732642161482
AZE,2019,312,834,4245,390,4635,0.08414239482200647
AZE,2020,277,611,2302,284,2586,0.10982211910286156
AZE,2021,231,688,3400,394,3794,0.10384818133895625
AZE,2022,316,1150,6604,1047,7651,0.1368448568814534
AZE,2023,140,582,3230,293,3523,0.08316775475447062
AZE,2024,156,726,3841,335,4176,0.08022030651340996
BDI,2016,5,5,18,7,25,0.28
BDI,2017,209,371,2819,425,3244,0.13101109741060418
BDI,2018,151,191,1598,300,1898,0.15806111696522657
BDI,2019,74,74,555,129,684,0.18859649122807018
BDI,2020,135,135,1003,214,1217,0.17584223500410848
BDI,2021,242,242,1480,306,1786,0.1713325867861142
BDI,2022,266,266,1460,345,1805,0.19113573407202217
BDI,2023,247,247,1514,356,1870,0.19037433155080213
BDI,2024,208,219,1493,293,1786,0.16405375139977604
BEL,2020,1,1,1,1,2,0.5
BEL,2021,2,2,8,1,9,0.1111111111111111
BEL,2024,1,1,0,1,1,1.0
BEN,2019,151,170,1061,262,1323,0.1980347694633409
BEN,2020,306,530,2757,651,3408,0.19102112676056338
BEN,2021,343,1369,8105,1782,9887,0.1802366744209568
BEN,2022,351,1608,10608,2412,13020,0.18525345622119815
BEN,2023,331,2068,14592,3634,18226,0.1993854932513991
BEN,2024,329,2207,14656,4425,19081,0.2319060845867617
BFA,2019,133,1070,7972,1852,9824,0.18851791530944625
BFA,2020,129,1130,7810,1560,9370,0.1664887940234792
BFA,2021,168,1566,9686,1896,11582,0.1637022966672423
BFA,2022,82,912,6320,1502,7822,0.19202250063922272
BGR,2011,1,1,0,2,2,1.0
BGR,2012,71,81,392,61,453,0.1346578366445916
BGR,2013,218,348,1946,320,2266,0.1412180052956752
BGR,2014,263,486,2688,385,3073,0.1252847380410023
BGR,2015,137,293,1430,215,1645,0.13069908814589665
BGR,2016,55,111,442,54,496,0.10887096774193548
BGR,2017,253,555,2851,915,3766,0.242963356346256
BGR,2018,486,1431,7468,2567,10035,0.2558046836073742
BGR,2019,205,359,1869,568,2437,0.23307345096430038
BGR,2020,240,329,1101,323,1424,0.22682584269662923
BGR,2021,376,442,1742,479,2221,0.21566861773975687
BGR,2022,370,646,3075,1165,4240,0.27476415094339623
BGR,2023,329,768,3597,1677,5274,0.3179749715585893
BGR,2024,263,574,2911,1295,4206,0.3078934854969092
BHR,2009,7,9,43,5,48,0.10416666666666667
BHR,2010,9,12,40,11,51,0.21568627450980393
BHR,2011,5,5,9,3,12,0.25
BHR,2012,95,221,806,141,947,0.14889123548046462
BHR,2013,174,650,3129,709,3838,0.18473163105784263
BHR,2014,227,1117,6002,1162,7164,0.1621998883305416
BHR,2015,200,1304,6710,1334,8044,0.16583789159622078
BHR,2016,170,1225,6885,1592,8477,0.18780228854547598
BHR,2017,229,1290,6860,1519,8379,0.18128654970760233
BHR,2018,184,1159,6405,1736,8141,0.21324161650902837
BHR,2019,160,1005,5539,1593,7132,0.2233595064498037
BHR,2020,282,857,4266,1200,5466,0.21953896816684962
BHR,2021,510,1425,4681,1939,6620,0.2929003021148036
BHR,2022,585,1586,7015,2443,9458,0.2582998519771622
BHR,2023,614,1844,9066,2641,11707,0.22559152643717434
BHR,2024,400,1908,9739,3332,13071,0.2549154617091271
BHS,2015,3,6,36,10,46,0.21739130434782608
BHS,2016,251,445,2499,664,3163,0.20992728422383813
BHS,2017,242,434,2206,650,2856,0.22759103641456582
BHS,2018,41,56,327,100,427,0.234192037470726
BHS,2019,16,36,163,36,199,0.18090452261306533
BHS,2020,13,21,58,13,71,0.18309859154929578
BHS,2021,37,72,336,59,395,0.14936708860759493
BHS,2022,51,86,388,76,464,0.16379310344827586
BHS,2023,62,84,372,123,495,0.24848484848484848
BHS,2024,102,137,576,234,810,0.28888888888888886
BIH,2012,35,151,1029,125,1154,0.10831889081455806
BIH,2013,54,246,1584,231,1815,0.12727272727272726
BIH,2014,41,233,1461,209,1670,0.1251497005988024
BIH,2015,19,64,387,51,438,0.11643835616438356
BIH,2016,4,7,25,3,28,0.10714285714285714
BIH,2020,173,335,1284,342,1626,0.21033210332103322
BIH,2021,444,860,4361,969,5330,0.18180112570356471
BIH,2022,842,1683,10105,2169,12274,0.17671500733257292
BIH,2023,1082,2445,13882,3365,17247,0.19510639531512727
BIH,2024,749,1506,8341,2314,10655,0.21717503519474426
BLR,2000,1,3,11,0,11,0.0
BLR,2011,11,17,109,6,115,0.05217391304347826
BLR,2012,10,30,179,10,189,0.05291005291005291
BLR,2013,54,98,462,35,497,0.07042253521126761
BLR,2014,89,169,985,123,1108,0.11101083032490974
BLR,2015,126,195,1028,124,1152,0.1076388888888889
BLR,2016,200,300,1768,269,2037,0.13205694648993618
BLR,2017,153,300,1712,284,1996,0.14228456913827656
BLR,2018,96,199,1069,193,1262,0.15293185419968305
BLR,2019,101,176,1003,158,1161,0.13608957795004306
BLR,2020,77,135,565,82,647,0.1267387944358578
BLR,2021,105,122,512,51,563,0.0905861456483126
BLR,2022,108,151,608,78,686,0.11370262390670553
BLR,2023,94,181,788,78,866,0.09006928406466513
BLR,2024,135,1560,7531,1333,8864,0.15038357400722022
BLZ,2019,6,6,40,10,50,0.2
BLZ,2020,23,30,101,12,113,0.10619469026548672
BLZ,2021,107,136,658,81,739,0.10960757780784844
BLZ,2022,160,208,1168,254,1422,0.17862165963431786
BLZ,2023,151,207,1273,317,1590,0.19937106918238995
BLZ,2024,115,150,935,281,1216,0.23108552631578946
BOL,2013,37,40,179,28,207,0.13526570048309178
BOL,2014,151,151,765,175,940,0.18617021276595744
BOL,2015,187,199,927,263,1190,0.22100840336134453
BOL,2016,187,705,4048,869,4917,0.1767337807606264
BOL,2017,231,1089,6412,1415,7827,0.1807844640347515
BOL,2018,176,982,5452,1127,6579,0.17130262957896336
BOL,2019,233,1100,6770,1565,8335,0.1877624475104979
BOL,2020,76,156,866,254,1120,0.22678571428571428
BOL,2021,302,666,3246,653,3899,0.1674788407283919
BOL,2022,127,248,1552,359,1911,0.1878597592883307
BOL,2023,215,1027,5084,1383,6467,0.2138549559301067
BOL,2024,194,721,4018,1378,5396,0.2553743513713862
BRA,2012,2,2,3,0,3,0.0
BRA,2014,19,20,84,13,97,0.13402061855670103
BRA,2015,85,185,1064,109,1173,0.09292412617220801
BRA,2016,53,159,797,121,918,0.1318082788671024
BRA,2017,14,18,57,7,64,0.109375
BRA,2018,14,15,99,16,115,0.1391304347826087
BRA,2019,15,16,113,12,125,0.096
BRN,2015,6,6,24,3,27,0.1111111111111111
BRN,2016,21,27,104,19,123,0.15447154471544716
BRN,2017,8,8,33,6,39,0.15384615384615385
BRN,2018,4,4,10,1,11,0.09090909090909091
BRN,2019,12,12,49,9,58,0.15517241379310345
BRN,2020,6,6,23,3,26,0.11538461538461539
BRN,2021,11,11,39,4,43,0.09302325581395349
BRN,2022,11,11,27,3,30,0.1
BRN,2023,11,13,53,12,65,0.18461538461538463
BRN,2024,5,5,18,3,21,0.14285714285714285
BTN,2008,1,1,2,0,2,0.0
BTN,2009,4,5,15,2,17,0.11764705882352941
BTN,2010,3,3,20,1,21,0.047619047619047616
BTN,2011,6,37,199,17,216,0.0787037037037037
BTN,2012,18,28,71,7,78,0.08974358974358974
BTN,2013,29,37,173,24,197,0.1218274111675127
BTN,2014,36,41,269,42,311,0.13504823151125403
BTN,2015,27,46,286,68,354,0.192090395480226
BTN,2016,76,126,545,100,645,0.15503875968992248
BTN,2017,79,135,757,148,905,0.16353591160220995
BTN,2018,70,150,951,227,1178,0.1926994906621392
BTN,2019,86,151,1029,232,1261,0.18398096748612214
BTN,2020,49,110,594,115,709,0.1622002820874471
BTN,2021,79,184,852,178,1030,0.17281553398058253
BTN,2022,56,124,450,99,549,0.18032786885245902
BTN,2023,59,147,745,155,900,0.17222222222222222
BTN,2024,86,124,548,114,662,0.17220543806646527
CAN,2015,33,33,150,29,179,0.16201117318435754
CAN,2016,131,139,876,255,1131,0.22546419098143236
CAN,2017,78,78,385,84,469,0.1791044776119403
CAN,2018,49,49,158,21,179,0.11731843575418995
CAN,2019,54,54,163,17,180,0.09444444444444444
CAN,2020,21,21,87,7,94,0.07446808510638298
CAN,2021,21,21,64,23,87,0.26436781609195403
CAN,2022,1,1,11,7,18,0.3888888888888889
CHE,2012,1,1,3,4,7,0.5714285714285714
CHE,2013,2,2,8,2,10,0.2
CHE,2014,58,67,260,60,320,0.1875
CHE,2015,108,112,456,76,532,0.14285714285714285
CHE,2016,82,84,373,70,443,0.1580135440180587
CHE,2017,75,78,352,75,427,0.1756440281030445
CHE,2018,68,70,347,63,410,0.15365853658536585
CHE,2019,54,60,326,65,391,0.16624040920716113
CHE,2020,16,18,94,11,105,0.10476190476190476
CHE,2021,13,13,79,8,87,0.09195402298850575
CHE,2022,9,9,36,6,42,0.14285714285714285
CHE,2023,8,8,25,5,30,0.16666666666666666
CHE,2024,10,10,25,10,35,0.2857142857142857
CHL,2015,11,32,181,79,260,0.3038461538461538
CHL,2016,3,21,25,27,52,0.5192307692307693
CHL,2018,5,8,52,32,84,0.38095238095238093
CHL,2019,140,236,1293,244,1537,0.15875081327260898
CHL,2020,65,142,607,136,743,0.18304172274562583
CHL,2021,108,283,1153,290,1443,0.20097020097020096
CHL,2022,44,140,680,341,1021,0.3339862879529873
CHL,2023,112,417,2185,709,2894,0.24498963372494817
CHL,2024,114,308,1671,562,2233,0.251679355127631
CHN,2014,8,8,41,3,44,0.06818181818181818
CHN,2015,7,8,41,4,45,0.08888888888888889
CHN,2016,2,2,13,0,13,0.0
CHN,2018,2,2,5,1,6,0.16666666666666666
CHN,2019,2,2,23,0,23,0.0
CHN,2020,4,4,21,0,21,0.0
CHN,2021,5,6,56,2,58,0.034482758620689655
CHN,2022,5,5,12,2,14,0.14285714285714285
CHN,2023,3,3,24,7,31,0.22580645161290322
CIV,2007,16,16,80,9,89,0.10112359550561797
CIV,2008,22,22,96,5,101,0.04950495049504951
CIV,2009,4,4,8,2,10,0.2
CIV,2010,4,4,19,0,19,0.0
CIV,2011,15,15,42,6,48,0.125
CIV,2012,50,50,245,27,272,0.09926470588235294
CIV,2013,85,85,440,47,487,0.09650924024640657
CIV,2014,51,60,325,43,368,0.11684782608695653
CIV,2015,74,74,363,42,405,0.1037037037037037
CIV,2016,67,67,389,49,438,0.11187214611872145
CIV,2017,85,96,441,59,500,0.118
CIV,2018,19,39,255,36,291,0.12371134020618557
CIV,2019,46,97,468,73,541,0.13493530499075784
CIV,2020,20,31,163,21,184,0.11413043478260869
CIV,2021,53,84,440,78,518,0.15057915057915058
CIV,2022,19,67,426,105,531,0.1977401129943503
CIV,2023,40,197,1195,247,1442,0.17128987517337033
CIV,2024,39,244,1594,457,2051,0.22281813749390542
COD,2019,15,15,101,16,117,0.13675213675213677
COD,2020,38,38,197,64,261,0.24521072796934865
COD,2021,2,2,2,0,2,0.0
COD,2022,197,1230,8035,1446,9481,0.1525155574306508
COD,2023,235,2091,14095,3404,17499,0.1945254014515115
COD,2024,261,2167,14616,3299,17915,0.18414736254535305
COL,2011,77,126,663,139,802,0.17331670822942644
COL,2012,358,802,5013,1533,6546,0.23418881759853347
COL,2013,214,695,3797,1241,5038,0.2463279078999603
COL,2014,202,848,4009,1452,5461,0.2658853689800403
COL,2015,347,715,5193,1601,6794,0.23564910214895496
COL,2016,860,1574,11393,3437,14830,0.23175994605529332
COL,2017,808,1667,12129,3726,15855,0.23500473036896877
COL,2018,943,1650,11663,3492,15155,0.2304190036291653
COL,2019,600,1192,7689,2459,10148,0.242313756405203
COL,2020,245,385,1727,558,2285,0.24420131291028446
COL,2021,491,651,2750,1051,3801,0.27650618258353066
COL,2022,780,1920,9864,3847,13711,0.2805776383925315
COL,2023,789,2641,15172,5831,21003,0.27762700566585724
COL,2024,812,2769,15879,7489,23368,0.3204809996576515
COM,2017,166,166,1069,116,1185,0.09789029535864979
COM,2018,45,45,239,27,266,0.10150375939849623
COM,2019,5,5,19,5,24,0.20833333333333334
COM,2020,45,45,407,58,465,0.12473118279569892
COM,2021,59,59,164,30,194,0.15463917525773196
COM,2022,33,33,153,31,184,0.16847826086956522
COM,2023,33,33,209,25,234,0.10683760683760683
COM,2024,7,7,21,19,40,0.475
CPV,2018,1,1,2,1,3,0.3333333333333333
CPV,2019,630,630,3613,672,4285,0.15682613768961493
CPV,2020,404,404,1904,289,2193,0.13178294573643412
CPV,2021,338,338,1713,310,2023,0.1532377656945131
CPV,2022,784,784,4010,863,4873,0.17709829673712293
CPV,2023,983,994,5452,1438,6890,0.20870827285921625
CPV,2024,557,568,3211,892,4103,0.21740190104801366
CUB,2017,286,331,1469,271,1740,0.1557471264367816
CUB,2018,634,813,3717,833,4550,0.18307692307692308
CUB,2019,650,964,4415,1045,5460,0.19139194139194138
CUB,2020,890,1136,4007,1026,5033,0.20385455990462945
CUB,2021,805,1234,6325,1152,7477,0.1540724889661629
CUB,2022,1218,1730,10005,1957,11962,0.16360140444741683
CUB,2023,1258,2108,13819,2889,16708,0.17291118027292315
CUB,2024,1098,2028,12608,2783,15391,0.18081995971671755
CYP,2018,77,87,353,57,410,0.13902439024390245
CYP,2019,115,120,533,67,600,0.11166666666666666
CYP,2020,62,62,231,34,265,0.12830188679245283
CYP,2021,12,15,84,11,95,0.11578947368421053
CYP,2022,188,212,933,180,1113,0.16172506738544473
CYP,2023,321,327,1488,280,1768,0.1583710407239819
CYP,2024,157,413,1529,396,1925,0.2057142857142857
CZE,2009,26,29,66,9,75,0.12
CZE,2010,11,12,35,2,37,0.05405405405405406
CZE,2011,9,9,58,4,62,0.06451612903225806
CZE,2012,34,38,182,17,199,0.08542713567839195
CZE,2013,29,34,177,4,181,0.022099447513812154
CZE,2014,55,64,391,50,441,0.11337868480725624
CZE,2015,54,60,428,57,485,0.11752577319587629
CZE,2016,82,82,612,55,667,0.08245877061469266
CZE,2017,78,93,735,57,792,0.07196969696969698
CZE,2018,79,83,481,64,545,0.11743119266055047
CZE,2019,93,97,523,89,612,0.1454248366013072
CZE,2020,76,76,304,60,364,0.16483516483516483
CZE,2021,55,70,242,46,288,0.1597222222222222
CZE,2022,47,47,355,49,404,0.12128712871287128
CZE,2023,131,520,1853,298,2151,0.13854021385402138
CZE,2024,124,736,2802,483,3285,0.14703196347031963
DEU,2021,9,15,45,4,49,0.08163265306122448
DEU,2022,172,273,1316,214,1530,0.13986928104575164
DEU,2023,109,142,782,146,928,0.15732758620689655
DEU,2024,55,127,650,106,756,0.1402116402116402
DJI,2023,79,79,545,59,604,0.09768211920529801
DJI,2024,50,50,292,49,341,0.1436950146627566
DNK,2014,3,3,9,5,14,0.35714285714285715
DNK,2015,5,12,74,3,77,0.03896103896103896
DNK,2016,4,8,26,10,36,0.2777777777777778
DNK,2018,1,21,79,57,136,0.41911764705882354
DNK,2022,5,14,91,17,108,0.1574074074074074
DNK,2023,8,16,85,17,102,0.16666666666666666
DNK,2024,3,10,58,12,70,0.17142857142857143
DOM,2020,253,267,1791,393,2184,0.17994505494505494
DOM,2021,1179,1179,7317,1663,8980,0.1851893095768374
DOM,2022,3178,4826,31101,9393,40494,0.23196029041339458
DOM,2023,3470,5524,35421,10530,45951,0.2291571456551544
DOM,2024,2968,4404,28276,9062,37338,0.2427018051315014
DZA,2017,1,1,2,0,2,0.0
DZA,2018,4,4,8,0,8,0.0
DZA,2019,20,20,59,3,62,0.04838709677419355
DZA,2020,16,16,46,4,50,0.08
DZA,2021,88,88,305,15,320,0.046875
DZA,2022,100,100,517,31,548,0.05656934306569343
DZA,2023,402,402,1902,227,2129,0.10662282761860029
DZA,2024,418,444,1829,172,2001,0.08595702148925537
ECU,2012,54,54,271,46,317,0.14511041009463724
ECU,2013,242,261,1093,175,1268,0.13801261829652997
ECU,2014,779,949,5489,1092,6581,0.16593222914450692
ECU,2015,239,241,1444,262,1706,0.15357561547479484
ECU,2016,165,165,1082,215,1297,0.16576715497301464
ECU,2017,322,322,2005,430,2435,0.17659137577002054
ECU,2018,274,288,1748,401,2149,0.18659841786877618
ECU,2019,258,258,1520,403,1923,0.20956838273530942
ECU,2020,267,321,1667,424,2091,0.20277379244380678
ECU,2021,450,457,3008,634,3642,0.1740801757276222
ECU,2022,496,549,3761,871,4632,0.18803972366148533
ECU,2023,398,446,3157,812,3969,0.20458553791887124
ECU,2024,388,391,2816,1008,3824,0.26359832635983266
EGY,2014,2,8,73,6,79,0.0759493670886076
EGY,2015,3,5,20,0,20,0.0
EGY,2016,1,2,2,2,4,0.5
EGY,2017,27,71,499,48,547,0.08775137111517367
EGY,2018,28,58,397,29,426,0.06807511737089202
EGY,2019,710,1637,10774,1157,11931,0.09697426871175928
EGY,2020,610,1383,7556,500,8056,0.062065541211519366
EGY,2021,750,1487,7108,523,7631,0.06853623378325252
EGY,2022,758,1508,7603,742,8345,0.08891551827441582
EGY,2023,711,1475,7577,552,8129,0.0679050313691721
EGY,2024,546,1142,5286,571,5857,0.09749018268738262
ESP,2011,248,380,1739,328,2067,0.1586840832123851
ESP,2012,156,240,1521,258,1779,0.14502529510961215
ESP,2013,135,236,1808,307,2115,0.14515366430260046
ESP,2014,128,237,1517,253,1770,0.14293785310734464
ESP,2015,147,263,1589,319,1908,0.16719077568134172
ESP,2016,98,248,1093,246,1339,0.1837191934279313
ESP,2017,137,301,1928,425,2353,0.1806204844878878
ESP,2018,167,275,1785,427,2212,0.1930379746835443
ESP,2019,97,146,977,288,1265,0.2276679841897233
ESP,2020,174,315,1523,442,1965,0.22493638676844785
ESP,2021,253,420,2459,588,3047,0.19297669839186085
ESP,2022,251,437,2849,774,3623,0.21363510902566935
ESP,2023,183,308,2046,555,2601,0.21337946943483277
ESP,2024,267,683,4595,1370,5965,0.22967309304274938
EST,2008,4,4,16,3,19,0.15789473684210525
EST,2009,19,20,57,7,64,0.109375
EST,2010,16,16,102,15,117,0.1282051282051282
EST,2014,35,35,158,30,188,0.1595744680851064
EST,2015,93,93,388,142,530,0.2679245283018868
EST,2016,149,149,688,177,865,0.2046242774566474
EST,2017,152,152,799,170,969,0.17543859649122806
EST,2018,56,56,201,38,239,0.1589958158995816
EST,2019,30,38,196,22,218,0.10091743119266056
EST,2020,20,26,95,21,116,0.1810344827586207
EST,2021,11,11,45,18,63,0.2857142857142857
EST,2022,75,86,420,92,512,0.1796875
EST,2023,146,192,1014,271,1285,0.21089494163424125
EST,2024,139,243,1357,383,1740,0.22011494252873562
FIN,2019,425,469,1478,625,2103,0.29719448407037563
FIN,2020,368,368,719,388,1107,0.35049683830171635
FIN,2021,423,448,1019,462,1481,0.31195138419986496
FIN,2022,475,535,1202,546,1748,0.3123569794050343
FIN,2023,198,219,561,299,860,0.34767441860465115
FIN,2024,370,384,861,404,1265,0.3193675889328063
FJI,2012,184,184,658,99,757,0.130779392338177
FJI,2013,1428,1436,5056,928,5984,0.15508021390374332
FJI,2014,1171,1173,4992,935,5927,0.15775265733085878
FJI,2015,807,807,4425,927,5352,0.17320627802690583
FJI,2016,293,295,1417,278,1695,0.1640117994100295
FJI,2017,71,71,254,54,308,0.17532467532467533
FJI,2018,20,20,74,22,96,0.22916666666666666
FJI,2019,763,1321,7864,1994,9858,0.2022722661797525
FJI,2020,653,1005,5407,1266,6673,0.18971976622208903
FJI,2021,743,1902,8743,2433,11176,0.21769863994273442
FJI,2022,764,7944,50111,12287,62398,0.1969133626077759
FJI,2023,198,1329,7319,2070,9389,0.22047076365960167
FJI,2024,25,168,1195,221,1416,0.1560734463276836
FRA,2000,1,1,2,0,2,0.0
FRA,2009,1,1,1,0,1,0.0
FRA,2017,6,7,54,12,66,0.18181818181818182
FRA,2018,18,21,138,18,156,0.11538461538461539
FRA,2019,16,26,130,39,169,0.23076923076923078
FRA,2020,81,117,297,70,367,0.1907356948228883
FRA,2021,78,133,423,90,513,0.17543859649122806
FRA,2022,55,97,272,68,340,0.2
FRA,2023,25,30,72,21,93,0.22580645161290322
FRA,2024,27,50,90,42,132,0.3181818181818182
GAB,2014,4,8,21,5,26,0.19230769230769232
GAB,2015,13,18,106,12,118,0.1016949152542373
GAB,2018,1,1,14,2,16,0.125
GAB,2023,21,26,159,32,191,0.16753926701570682
GAB,2024,110,165,924,148,1072,0.13805970149253732
GBR,2006,11,11,41,6,47,0.1276595744680851
GBR,2007,14,14,38,10,48,0.20833333333333334
GBR,2008,17,17,66,12,78,0.15384615384615385
GBR,2009,20,20,68,24,92,0.2608695652173913
GBR,2010,220,313,1257,186,1443,0.1288981288981289
GBR,2011,308,437,1938,269,2207,0.12188491164476666
GBR,2012,223,392,1867,287,2154,0.13324048282265552
GBR,2013,851,1256,4967,916,5883,0.15570287268400476
GBR,2014,462,585,2091,543,2634,0.2061503416856492
GBR,2015,320,378,1492,303,1795,0.16880222841225626
GBR,2016,266,312,1104,376,1480,0.25405405405405407
GBR,2017,327,360,1493,376,1869,0.20117710005350456
GBR,2018,556,626,2553,844,3397,0.2484545186929644
GBR,2019,791,905,3779,1204,4983,0.24162151314469196
GBR,2020,624,649,2041,606,2647,0.22893842085379676
GBR,2021,566,592,2070,602,2672,0.2252994011976048
GBR,2022,794,838,2719,922,3641,0.25322713540236197
GBR,2023,821,869,2877,787,3664,0.21479257641921398
GBR,2024,658,696,2153,716,2869,0.24956430812129662
GEO,2013,5,5,36,4,40,0.1
GEO,2014,674,750,5230,570,5800,0.09827586206896552
GEO,2015,741,889,5264,593,5857,0.10124637186272836
GEO,2016,908,1009,6505,732,7237,0.10114688406798397
GEO,2017,514,866,5044,489,5533,0.08837881800108441
GEO,2018,583,857,4637,528,5165,0.10222652468538238
GEO,2019,642,1022,5789,829,6618,0.1252644303414929
GEO,2020,557,863,4922,798,5720,0.1395104895104895
GEO,2021,976,1312,6939,793,7732,0.10256078634247284
GEO,2022,798,1051,5298,494,5792,0.08529005524861878
GEO,2023,808,995,4653,554,5207,0.10639523718071826
GEO,2024,455,777,4447,549,4996,0.10988791032826262
GHA,2015,2,2,17,6,23,0.2608695652173913
GHA,2017,4,18,58,13,71,0.18309859154929578
GHA,2018,118,329,1842,651,2493,0.2611311672683514
GHA,2019,53,53,200,83,283,0.29328621908127206
GHA,2020,11,11,50,17,67,0.2537313432835821
GHA,2021,1,1,11,7,18,0.3888888888888889
GHA,2022,49,49,202,95,297,0.31986531986531985
GHA,2023,41,41,219,107,326,0.3282208588957055
GHA,2024,17,17,108,45,153,0.29411764705882354
GMB,2021,29,29,166,65,231,0.2813852813852814
GMB,2022,67,259,1040,317,1357,0.23360353721444363
GMB,2023,19,19,128,23,151,0.152317880794702
GMB,2024,41,41,302,61,363,0.16804407713498623
GNQ,2019,1705,1705,8736,1589,10325,0.15389830508474575
GNQ,2020,1717,1730,7350,1261,8611,0.1464405992335385
GNQ,2021,1128,3320,17265,2789,20054,0.13907449885309664
GNQ,2022,600,1968,12090,2461,14551,0.16912926946601609
GNQ,2023,1003,3824,23048,4849,27897,0.17381797325877335
GNQ,2024,1162,4645,29169,6466,35635,0.18145082082222533
GRC,2010,11,18,46,5,51,0.09803921568627451
GRC,2011,57,93,344,36,380,0.09473684210526316
GRC,2012,34,58,193,17,210,0.08095238095238096
GRC,2013,83,129,424,31,455,0.06813186813186813
GRC,2014,113,188,629,57,686,0.08309037900874636
GRC,2015,76,121,403,23,426,0.0539906103286385
GRC,2016,77,124,517,30,547,0.054844606946983544
GRC,2017,119,171,597,59,656,0.0899390243902439
GRC,2018,108,162,399,29,428,0.06775700934579439
GRC,2019,125,205,607,73,680,0.10735294117647058
GRC,2020,155,231,539,55,594,0.09259259259259259
GRC,2021,154,212,499,45,544,0.08272058823529412
GRC,2022,212,299,849,102,951,0.10725552050473186
GRC,2023,159,215,588,69,657,0.1050228310502283
GRC,2024,185,252,652,97,749,0.1295060080106809
GTM,2018,18,25,157,76,233,0.3261802575107296
GTM,2019,288,772,4467,1292,5759,0.2243445042542108
GTM,2020,443,941,4592,939,5531,0.1697703851021515
GTM,2021,1491,3515,16467,3200,19667,0.16270910662531143
GTM,2022,1705,3416,18449,3835,22284,0.1720965715311434
GTM,2023,976,1853,9912,2307,12219,0.18880432113920942
GTM,2024,1531,4367,24505,7520,32025,0.23481654957064793
GUY,2017,3,3,18,2,20,0.1
GUY,2018,1,1,4,1,5,0.2
GUY,2019,5,5,8,9,17,0.5294117647058824
GUY,2020,4,5,8,0,8,0.0
GUY,2021,6,8,18,1,19,0.05263157894736842
GUY,2022,28,35,108,33,141,0.23404255319148937
GUY,2023,125,125,577,106,683,0.15519765739385066
GUY,2024,38,41,127,32,159,0.20125786163522014
HRV,2003,76,76,355,28,383,0.0731070496083551
HRV,2004,47,47,167,13,180,0.07222222222222222
HRV,2005,45,45,148,59,207,0.28502415458937197
HRV,2006,35,35,110,47,157,0.29936305732484075
HRV,2007,93,93,358,98,456,0.2149122807017544
HRV,2008,222,222,1066,153,1219,0.12551271534044298
HRV,2009,326,326,1565,182,1747,0.10417859187178019
HRV,2010,370,370,1830,256,2086,0.12272291466922339
HRV,2011,131,131,689,55,744,0.0739247311827957
HRV,2012,212,212,802,299,1101,0.27157129881925524
HRV,2014,2,3,13,1,14,0.07142857142857142
HRV,2015,72,121,799,90,889,0.10123734533183353
HRV,2017,80,80,621,128,749,0.17089452603471295
HRV,2018,78,78,513,98,611,0.16039279869067102
HRV,2019,77,77,569,108,677,0.15952732644017725
HRV,2020,49,51,219,43,262,0.16412213740458015
HRV,2021,300,321,1249,242,1491,0.16230717639168343
HRV,2022,207,438,2089,564,2653,0.2125895212966453
HRV,2023,196,476,2636,739,3375,0.21896296296296297
HRV,2024,146,461,2649,725,3374,0.2148784825133373
HUN,2011,2,2,12,2,14,0.14285714285714285
HUN,2012,29,34,170,38,208,0.18269230769230768
HUN,2013,44,56,292,30,322,0.09316770186335403
HUN,2014,340,561,2765,343,3108,0.11036036036036036
HUN,2015,616,1391,6543,685,7228,0.09477033757609298
HUN,2016,735,1722,7985,809,8794,0.09199454173299977
HUN,2017,717,1765,8430,1029,9459,0.10878528385664446
HUN,2018,464,1143,5316,639,5955,0.10730478589420656
HUN,2019,185,426,2069,226,2295,0.09847494553376906
HUN,2020,17,30,149,23,172,0.13372093023255813
HUN,2021,1,1,1,0,1,0.0
HUN,2022,3,10,35,14,49,0.2857142857142857
HUN,2023,2,3,37,10,47,0.2127659574468085
HUN,2024,3,4,12,1,13,0.07692307692307693
IDN,2014,199,199,1384,160,1544,0.10362694300518134
IDN,2015,699,709,4685,702,5387,0.13031371821050677
IDN,2016,732,739,5108,693,5801,0.11946216169625927
IDN,2017,636,638,4469,738,5207,0.14173228346456693
IDN,2018,1257,1261,8555,1519,10074,0.15078419694262457
IDN,2019,1571,1589,11714,2374,14088,0.1685122089721749
IDN,2020,1557,1557,7027,1214,8241,0.14731221939085062
IDN,2021,1676,1676,6622,1211,7833,0.1546023235031278
IDN,2022,1404,1405,8560,1412,9972,0.1415964701163257
IDN,2023,1339,1339,10456,1954,12410,0.15745366639806607
IDN,2024,1077,1079,8683,1648,10331,0.1595198915884232
IND,2011,1,4,23,2,25,0.08
IND,2012,1,1,10,0,10,0.0
IND,2013,1,1,11,1,12,0.08333333333333333
IND,2014,353,651,4082,383,4465,0.08577827547592386
IND,2015,481,1578,11555,1287,12842,0.10021803457405389
IND,2016,408,602,4322,434,4756,0.09125315391084945
IND,2017,326,498,3542,399,3941,0.10124333925399645
IND,2018,270,479,3541,553,4094,0.13507572056668296
IND,2019,240,328,2199,302,2501,0.1207516993202719
IND,2020,246,248,1231,169,1400,0.12071428571428572
IND,2021,468,476,1830,243,2073,0.11722141823444283
IND,2022,631,643,4116,655,4771,0.13728778033955147
IND,2023,714,733,3895,568,4463,0.1272686533721712
IND,2024,609,610,3253,520,3773,0.13782136231115824
IRL,2023,1,5,9,3,12,0.25
IRN,2013,61,389,2128,129,2257,0.057155516171909615
IRN,2014,68,1034,7305,416,7721,0.05387903121357337
IRN,2015,411,4931,38569,2618,41187,0.06356374584213466
IRN,2016,785,6884,56025,3559,59584,0.05973080021482277
IRN,2017,530,4507,38706,1995,40701,0.049015994693005084
IRN,2018,344,2051,15713,879,16592,0.052977338476374154
IRN,2019,270,2332,17973,808,18781,0.043022203290559606
IRN,2020,1134,8943,38876,1493,40369,0.03698382422155615
IRN,2021,1494,13981,79316,3951,83267,0.04744977001693348
IRN,2022,2554,15813,114611,7695,122306,0.06291596487498569
IRN,2023,1319,2030,12532,788,13320,0.05915915915915916
IRN,2024,721,721,2911,119,3030,0.03927392739273927
IRQ,2019,626,852,4183,493,4676,0.10543199315654406
IRQ,2020,878,1512,7927,744,8671,0.08580325222004383
IRQ,2021,731,1469,7275,734,8009,0.09164689724060432
IRQ,2022,541,863,3719,451,4170,0.10815347721822542
IRQ,2023,4,8,28,10,38,0.2631578947368421
IRQ,2024,742,1264,6989,715,7704,0.09280893042575286
ISL,2018,21,47,211,55,266,0.20676691729323307
ISL,2019,33,58,336,81,417,0.19424460431654678
ISL,2020,57,66,217,116,333,0.3483483483483483
ISL,2021,49,67,241,98,339,0.2890855457227139
ISL,2022,48,76,336,129,465,0.27741935483870966
ISL,2023,47,69,337,80,417,0.19184652278177458
ISL,2024,44,56,374,80,454,0.1762114537444934
ISR,2001,2,2,23,3,26,0.11538461538461539
ISR,2002,3,3,9,0,9,0.0
ISR,2005,6,6,18,0,18,0.0
ISR,2006,4,4,8,3,11,0.2727272727272727
ISR,2007,2,2,10,2,12,0.16666666666666666
ISR,2008,8,8,18,8,26,0.3076923076923077
ISR,2009,5,5,10,1,11,0.09090909090909091
ISR,2011,3,3,15,1,16,0.0625
ISR,2012,7,7,18,4,22,0.18181818181818182
ISR,2013,13,13,79,14,93,0.15053763440860216
ISR,2014,17,17,105,8,113,0.07079646017699115
ISR,2015,11,11,32,3,35,0.08571428571428572
ISR,2016,4,4,20,0,20,0.0
ISR,2017,4,4,17,2,19,0.10526315789473684
ISR,2018,236,236,854,91,945,0.0962962962962963
ISR,2019,63,63,235,29,264,0.10984848484848485
ISR,2020,98,98,286,36,322,0.11180124223602485
ISR,2021,252,252,940,129,1069,0.12067352666043031
ISR,2022,258,258,1131,161,1292,0.12461300309597523
ISR,2023,193,193,1028,156,1184,0.13175675675675674
ISR,2024,46,46,223,27,250,0.108
ITA,2014,7,7,31,5,36,0.1388888888888889
ITA,2015,7,7,12,6,18,0.3333333333333333
ITA,2016,3,5,55,12,67,0.1791044776119403
ITA,2017,36,47,206,26,232,0.11206896551724138
ITA,2018,24,29,114,6,120,0.05
ITA,2019,42,52,329,63,392,0.16071428571428573
ITA,2020,7,15,57,9,66,0.13636363636363635
ITA,2021,7,8,28,7,35,0.2
ITA,2022,35,35,171,51,222,0.22972972972972974
ITA,2023,272,281,763,377,1140,0.3307017543859649
ITA,2024,220,232,794,369,1163,0.3172828890799656
JAM,2016,44,44,196,40,236,0.1694915254237288
JAM,2017,127,127,749,153,902,0.1696230598669623
JAM,2018,87,87,470,105,575,0.1826086956521739
JAM,2019,101,115,562,94,656,0.14329268292682926
JAM,2020,70,99,381,44,425,0.10352941176470588
JAM,2021,61,67,211,30,241,0.12448132780082988
JAM,2022,96,110,510,88,598,0.14715719063545152
JAM,2023,32,37,168,41,209,0.19617224880382775
JAM,2024,109,111,609,135,744,0.1814516129032258
JOR,2021,20,20,90,15,105,0.14285714285714285
JOR,2022,19,19,91,14,105,0.13333333333333333
JOR,2023,42,42,122,28,150,0.18666666666666668
JOR,2024,41,45,261,62,323,0.19195046439628483
JPN,1998,1,1,1,0,1,0.0
JPN,2001,1,1,1,1,2,0.5
JPN,2008,1,2,3,1,4,0.25
JPN,2009,1,2,11,0,11,0.0
JPN,2013,35,69,363,39,402,0.09701492537313433
JPN,2014,54,112,588,60,648,0.09259259259259259
JPN,2015,65,123,658,68,726,0.09366391184573003
JPN,2016,83,191,1118,116,1234,0.0940032414910859
JPN,2017,99,314,1947,153,2100,0.07285714285714286
JPN,2018,163,398,2115,189,2304,0.08203125
JPN,2019,95,251,1227,116,1343,0.08637379002233805
JPN,2020,40,86,389,39,428,0.0911214953271028
JPN,2021,75,169,547,68,615,0.11056910569105691
JPN,2022,347,1301,9383,1076,10459,0.102877904197342
JPN,2023,845,3758,28152,4096,32248,0.12701562887620937
JPN,2024,577,3312,30288,4536,34824,0.1302549965541006
KAZ,2012,11,17,162,19,181,0.10497237569060773
KAZ,2013,15,31,230,33,263,0.12547528517110265
KAZ,2014,195,295,2237,311,2548,0.12205651491365777
KAZ,2015,138,275,2734,525,3259,0.16109235961951518
KAZ,2016,145,368,3287,416,3703,0.11234134485552255
KAZ,2017,181,485,4382,664,5046,0.13158937772493065
KAZ,2018,195,677,6430,977,7407,0.13190225462400432
KAZ,2019,227,880,7306,1135,8441,0.13446274138135292
KAZ,2020,108,516,4038,353,4391,0.08039171031655659
KAZ,2021,141,431,2084,153,2237,0.06839517210549843
KAZ,2022,145,642,4197,556,4753,0.1169787502629918
KAZ,2023,143,664,4596,632,5228,0.12088752869166029
KAZ,2024,79,412,3147,568,3715,0.1528936742934051
KEN,2022,2,2,7,2,9,0.2222222222222222
KEN,2023,1,1,10,7,17,0.4117647058823529
KEN,2024,141,155,1467,272,1739,0.156411730879816
KGZ,2018,29,60,285,61,346,0.17630057803468208
KGZ,2019,915,3841,22908,4753,27661,0.17183037489606304
KGZ,2020,1388,6877,37157,5309,42466,0.12501766118777374
KGZ,2021,2180,11379,64964,11113,76077,0.1460756864755445
KGZ,2022,1952,10509,64006,12696,76702,0.16552371515736225
KGZ,2023,1560,6673,38027,7677,45704,0.16797216873796605
KGZ,2024,1588,6602,39224,7190,46414,0.15491015641832206
KHM,2016,33,118,650,44,694,0.06340057636887608
KHM,2017,450,3021,25943,5188,31131,0.16665060550576596
KHM,2018,581,4505,37610,7347,44957,0.16342282625620036
KHM,2019,688,5154,42588,7130,49718,0.14340882577738445
KHM,2020,293,2357,19373,3591,22964,0.15637519595889218
KHM,2021,202,1361,9550,1072,10622,0.1009226134437959
KHM,2022,646,5158,43080,7001,50081,0.13979353447415188
KHM,2023,955,10941,88800,21557,110357,0.195338764192575
KHM,2024,1124,6696,46808,9601,56409,0.17020333634703683
KOR,2013,3,8,55,5,60,0.08333333333333333
KOR,2014,352,1167,7312,1184,8496,0.1393596986817326
KOR,2015,405,1277,7791,1458,9249,0.15763866363931237
KOR,2016,615,1167,6807,1320,8127,0.162421557770395
KOR,2017,642,932,4736,720,5456,0.13196480938416422
KOR,2018,621,960,5056,1118,6174,0.18108195659216067
KOR,2019,478,704,3561,722,4283,0.16857342983889798
KOR,2020,400,465,1842,422,2264,0.18639575971731448
KOR,2021,312,410,1843,336,2179,0.15419917393299679
KOR,2022,233,339,1708,324,2032,0.1594488188976378
KOR,2023,366,545,3203,670,3873,0.17299251226439452
KOR,2024,313,369,2227,471,2698,0.17457375833951075
KWT,2023,189,189,949,168,1117,0.1504028648164727
KWT,2024,100,100,492,126,618,0.20388349514563106
LBR,2011,9,9,16,8,24,0.3333333333333333
LBR,2012,24,24,18,14,32,0.4375
LBR,2013,64,64,121,30,151,0.1986754966887417
LBR,2014,180,180,532,97,629,0.15421303656597773
LBR,2015,200,200,370,125,495,0.25252525252525254
LBR,2016,222,222,418,159,577,0.2755632582322357
LBR,2017,189,189,411,123,534,0.2303370786516854
LBR,2018,179,179,534,39,573,0.06806282722513089
LBR,2019,148,148,397,27,424,0.06367924528301887
LBR,2020,112,112,229,19,248,0.07661290322580645
LBR,2021,72,72,184,18,202,0.0891089108910891
LBR,2022,9,10,15,3,18,0.16666666666666666
LBR,2023,13,13,30,4,34,0.11764705882352941
LBR,2024,121,123,325,70,395,0.17721518987341772
LKA,2015,1,1,2,0,2,0.0
LKA,2016,1,1,2,0,2,0.0
LKA,2018,1,4,44,4,48,0.08333333333333333
LKA,2019,6,10,66,9,75,0.12
LKA,2020,10,15,70,15,85,0.17647058823529413
LKA,2021,7,15,59,18,77,0.23376623376623376
LKA,2023,7,31,151,31,182,0.17032967032967034
LKA,2024,1,4,12,6,18,0.3333333333333333
LSO,2023,40,55,302,73,375,0.19466666666666665
LSO,2024,47,47,245,40,285,0.14035087719298245
LTU,2020,11,11,19,14,33,0.42424242424242425
LTU,2021,183,183,301,205,506,0.4051383399209486
LTU,2022,169,169,585,239,824,0.29004854368932037
LTU,2023,134,134,396,207,603,0.34328358208955223
LTU,2024,132,143,455,223,678,0.32890855457227136
LUX,2018,2,35,317,80,397,0.20151133501259447
LUX,2019,3,61,707,170,877,0.19384264538198404
LUX,2020,9,38,275,16,291,0.054982817869415807
LUX,2021,1,2,2,2,4,0.5
LUX,2022,19,355,2273,499,2772,0.18001443001443002
LUX,2023,20,258,1431,249,1680,0.14821428571428572
LUX,2024,48,570,3837,824,4661,0.17678609740399057
LVA,2015,1,1,8,5,13,0.38461538461538464
LVA,2016,86,86,576,59,635,0.09291338582677165
LVA,2017,43,43,191,11,202,0.054455445544554455
LVA,2018,58,60,305,56,361,0.15512465373961218
LVA,2019,43,48,188,26,214,0.12149532710280374
LVA,2020,229,419,1498,326,1824,0.1787280701754386
LVA,2021,260,333,1050,214,1264,0.16930379746835442
LVA,2022,289,309,1441,517,1958,0.2640449438202247
LVA,2023,326,455,2214,865,3079,0.28093536862617735
LVA,2024,406,602,2807,1177,3984,0.29543172690763053
MAR,2020,501,519,1336,160,1496,0.10695187165775401
MAR,2021,358,369,867,95,962,0.09875259875259876
MAR,2022,432,449,1290,157,1447,0.10850034554250172
MAR,2023,392,401,1114,147,1261,0.11657414750198256
MAR,2024,273,278,714,100,814,0.12285012285012285
MDA,2014,6,62,428,47,475,0.09894736842105263
MDA,2015,68,653,2748,459,3207,0.1431244153414406
MDA,2016,100,1336,6375,1087,7462,0.14567140176896273
MDA,2017,113,1625,7820,1597,9417,0.16958691727726452
MDA,2018,125,1658,7685,1538,9223,0.16675702049224764
MDA,2019,144,1196,5532,1358,6890,0.19709724238026124
MDA,2020,470,4422,18095,2934,21029,0.1395216130106044
MDA,2021,472,2674,9734,2257,11991,0.18822450170961555
MDA,2022,619,6276,27706,9523,37229,0.25579521340890166
MDA,2023,279,2841,13291,4172,17463,0.23890511366889997
MDA,2024,437,3535,17447,5326,22773,0.23387344662538972
MDG,2021,4,6,42,10,52,0.19230769230769232
MDG,2022,102,149,1211,238,1449,0.1642512077294686
MDG,2023,76,102,743,151,894,0.16890380313199105
MDG,2024,133,139,730,246,976,0.2520491803278688
MDV,2009,240,242,1225,121,1346,0.08989598811292719
MDV,2010,358,360,1851,231,2082,0.11095100864553314
MDV,2011,549,996,5318,863,6181,0.13962142048212264
MDV,2012,662,1100,5539,836,6375,0.1311372549019608
MDV,2013,518,845,3385,627,4012,0.15628115653040878
MDV,2014,537,884,3746,762,4508,0.16903283052351376
MDV,2015,368,631,2813,654,3467,0.1886357081049899
MDV,2016,311,555,2980,644,3624,0.17770419426048564
MDV,2017,356,625,3552,682,4234,0.161076995748701
MDV,2018,420,489,2876,601,3477,0.1728501581823411
MDV,2019,856,1707,9727,1882,11609,0.16211559996554398
MDV,2020,363,575,2780,446,3226,0.13825170489770613
MDV,2021,560,1238,5860,959,6819,0.1406364569584983
MDV,2022,625,1460,7390,1503,8893,0.16900933318340267
MDV,2023,652,1280,5719,1125,6844,0.16437755698421974
MDV,2024,1074,2301,9835,2273,12108,0.1877271225635943
MEX,2015,3,5,29,4,33,0.12121212121212122
MEX,2016,1,3,27,6,33,0.18181818181818182
MEX,2017,164,481,2929,563,3492,0.16122565864833907
MEX,2018,181,327,2116,384,2500,0.1536
MEX,2019,974,1712,9599,2084,11683,0.17837884105109988
MEX,2020,282,663,3481,706,4187,0.16861714831621685
MEX,2021,668,2701,13220,2701,15921,0.16965014760379374
MEX,2022,707,3202,17760,4284,22044,0.19433859553620034
MEX,2023,514,3010,16925,5636,22561,0.2498116218252737
MEX,2024,469,2142,11319,4923,16242,0.3031030661248615
MKD,2019,1,1,4,0,4,0.0
MKD,2020,125,146,487,118,605,0.19504132231404958
MKD,2021,200,328,1257,296,1553,0.1905988409529942
MKD,2022,260,389,1998,545,2543,0.21431380259535981
MKD,2023,245,375,1964,577,2541,0.2270759543486816
MKD,2024,238,312,1204,306,1510,0.20264900662251656
MNE,2012,1,1,1,2,3,0.6666666666666666
MNE,2013,1,2,6,4,10,0.4
MNE,2014,5,11,66,12,78,0.15384615384615385
MNE,2015,6,8,31,10,41,0.24390243902439024
MNE,2016,25,32,189,44,233,0.1888412017167382
MNE,2017,255,517,3087,811,3898,0.20805541303232428
MNE,2018,447,1122,7400,1934,9334,0.2071994857510178
MNE,2019,259,637,4114,1249,5363,0.23289203803841133
MNE,2020,38,64,304,164,468,0.3504273504273504
MNE,2021,453,571,2540,583,3123,0.1866794748639129
MNE,2022,255,303,1650,403,2053,0.19629810034096445
MNE,2023,206,258,1782,409,2191,0.18667275216795984
MNE,2024,428,613,3223,878,4101,0.21409412338454037
MNG,2015,2,3,1,3,4,0.75
MNG,2021,152,273,1044,223,1267,0.17600631412786108
MNG,2022,140,285,1263,386,1649,0.2340812613705276
MNG,2023,153,408,2015,705,2720,0.25919117647058826
MNG,2024,189,543,2655,861,3516,0.24488054607508533
MOZ,2024,45,45,252,27,279,0.0967741935483871
MRT,2019,2,2,3,0,3,0.0
MRT,2020,69,69,569,32,601,0.05324459234608985
MRT,2021,199,200,1396,114,1510,0.07549668874172186
MRT,2022,323,400,2693,309,3002,0.10293137908061292
MRT,2023,346,348,2299,206,2505,0.08223552894211576
MRT,2024,72,72,556,74,630,0.11746031746031746
NER,2021,7,10,71,18,89,0.20224719101123595
NER,2022,13,15,90,13,103,0.1262135922330097
NER,2023,1,1,2,0,2,0.0
NER,2024,8,8,56,3,59,0.05084745762711865
NGA,2022,78,78,296,56,352,0.1590909090909091
NGA,2023,195,195,847,183,1030,0.17766990291262136
NGA,2024,91,91,351,84,435,0.19310344827586207
NLD,2011,5,7,29,1,30,0.03333333333333333
NLD,2012,57,60,264,43,307,0.14006514657980457
NLD,2013,52,59,204,56,260,0.2153846153846154
NLD,2014,29,37,188,20,208,0.09615384615384616
NLD,2015,41,53,166,32,198,0.16161616161616163
NLD,2016,21,21,91,15,106,0.14150943396226415
NLD,2017,25,31,144,16,160,0.1
NLD,2018,24,24,116,34,150,0.22666666666666666
NLD,2019,22,87,469,246,715,0.34405594405594403
NLD,2020,27,81,201,70,271,0.25830258302583026
NLD,2021,108,279,1244,359,1603,0.22395508421709295
NLD,2022,126,311,1599,586,2185,0.26819221967963386
NLD,2023,99,276,1131,326,1457,0.2237474262182567
NLD,2024,29,45,182,98,280,0.35
NOR,2021,15,21,78,12,90,0.13333333333333333
NOR,2022,85,112,422,104,526,0.19771863117870722
NOR,2023,97,141,648,136,784,0.17346938775510204
NOR,2024,104,144,597,156,753,0.20717131474103587
NPL,2016,6,7,31,1,32,0.03125
NPL,2017,38,63,443,85,528,0.16098484848484848
NPL,2018,2,2,3,1,4,0.25
NPL,2019,2,3,10,0,10,0.0
NPL,2020,1,1,2,0,2,0.0
NPL,2024,1,1,7,3,10,0.3
NZL,2002,1,1,1,1,2,0.5
NZL,2004,9,9,31,2,33,0.06060606060606061
NZL,2005,5,5,20,4,24,0.16666666666666666
NZL,2006,37,37,106,17,123,0.13821138211382114
NZL,2007,59,59,203,47,250,0.188
NZL,2008,34,34,96,13,109,0.11926605504587157
NZL,2009,8,10,49,3,52,0.057692307692307696
NZL,2010,17,21,90,13,103,0.1262135922330097
NZL,2011,6,7,18,5,23,0.21739130434782608
NZL,2012,18,19,75,11,86,0.12790697674418605
NZL,2013,23,24,80,15,95,0.15789473684210525
NZL,2014,17,21,43,11,54,0.2037037037037037
NZL,2015,33,43,105,42,147,0.2857142857142857
NZL,2016,6,13,33,4,37,0.10810810810810811
NZL,2017,13,17,67,21,88,0.23863636363636365
NZL,2018,6,9,50,6,56,0.10714285714285714
NZL,2019,11,11,39,21,60,0.35
NZL,2020,2,2,5,5,10,0.5
NZL,2021,1,1,0,1,1,1.0
NZL,2022,4,4,14,12,26,0.46153846153846156
NZL,2023,2,2,9,4,13,0.3076923076923077
NZL,2024,4,4,21,2,23,0.08695652173913043
OMN,2020,6,6,15,2,17,0.11764705882352941
OMN,2021,183,250,959,258,1217,0.21199671322925226
OMN,2022,290,482,2710,434,3144,0.13804071246819338
OMN,2023,507,1025,5556,873,6429,0.13579094727018198
OMN,2024,315,777,4562,866,5428,0.15954310980103167
PAK,2023,4,4,8,1,9,0.1111111111111111
PAK,2024,1,7,74,6,80,0.075
PAN,2010,185,185,1058,176,1234,0.1426256077795786
PAN,2011,363,363,1950,436,2386,0.18273260687342832
PAN,2012,690,690,3476,831,4307,0.19294172277687485
PAN,2013,633,633,3174,885,4059,0.2180339985218034
PAN,2014,582,582,2876,1029,3905,0.26350832266325225
PAN,2015,667,667,3457,1443,4900,0.2944897959183673
PAN,2016,873,873,4608,1683,6291,0.2675250357653791
PAN,2017,733,733,4066,1775,5841,0.3038863208354734
PAN,2018,716,720,3951,1995,5946,0.3355196770938446
PAN,2019,482,782,4938,2372,7310,0.3244870041039672
PAN,2020,343,913,4405,2145,6550,0.32748091603053436
PAN,2021,635,1156,4952,2351,7303,0.3219224976037245
PAN,2022,986,2026,9025,4981,14006,0.3556333000142796
PAN,2023,1106,3195,15553,8515,24068,0.3537892637527007
PAN,2024,774,2875,14889,7762,22651,0.3426780274601563
PER,2018,979,1298,8725,3111,11836,0.26284217641094965
PER,2019,1576,2159,13628,5125,18753,0.27328960699621396
PER,2020,254,480,2733,842,3575,0.23552447552447553
PER,2021,435,1454,7198,1749,8947,0.1954845199508215
PER,2022,911,4559,24255,8421,32676,0.2577120822622108
PER,2023,1511,8865,51004,20053,71057,0.2822100567150316
PER,2024,2134,12600,69522,29115,98637,0.2951732108640774
PHL,1950,1,1,4,6,10,0.6
PHL,2000,1,1,3,0,3,0.0
PHL,2002,3,4,19,3,22,0.13636363636363635
PHL,2013,305,546,5703,1969,7672,0.2566475495307612
PHL,2014,1014,1416,15043,5272,20315,0.25951267536303224
PHL,2015,788,1031,10022,3687,13709,0.2689474068130425
PHL,2016,918,1333,13254,5570,18824,0.2958988525286868
PHL,2017,1010,1683,12382,4946,17328,0.28543397968605727
PHL,2018,1342,2468,16905,6950,23855,0.29134353385034584
PHL,2019,1216,2566,17853,7981,25834,0.3089339629945034
PHL,2020,942,1631,9606,3529,13135,0.26867148838979826
PHL,2021,802,1004,4722,1300,6022,0.2158751245433411
PHL,2022,893,1244,8252,2736,10988,0.24899890789952675
PHL,2023,1515,2141,14466,5208,19674,0.26471485208905154
PHL,2024,1601,1693,9818,2533,12351,0.20508460853372196
POL,2001,1,1,2,0,2,0.0
POL,2018,7,7,27,10,37,0.2702702702702703
POL,2019,270,281,1875,383,2258,0.1696191319751993
POL,2020,211,504,2103,228,2331,0.0978120978120978
POL,2021,390,1760,8537,1368,9905,0.1381120646138314
POL,2022,497,2432,13970,2702,16672,0.16206813819577734
POL,2023,345,1512,9352,2009,11361,0.17683302526186076
POL,2024,390,1264,7223,1897,9120,0.20800438596491228
PRK,2017,51,544,2917,209,3126,0.06685860524632117
PRK,2018,103,1287,7255,927,8182,0.1132974822781716
PRK,2019,63,554,2967,409,3376,0.12114928909952606
PRT,2016,4,4,12,1,13,0.07692307692307693
PRT,2017,5,5,13,0,13,0.0
PRT,2021,127,133,559,76,635,0.11968503937007874
PRT,2022,169,174,903,197,1100,0.17909090909090908
PRT,2023,162,167,966,209,1175,0.1778723404255319
PRT,2024,115,118,672,136,808,0.16831683168316833
PRY,2019,174,256,1503,556,2059,0.27003399708596404
PRY,2020,336,544,2474,552,3026,0.18241903502974224
PRY,2021,82,121,631,173,804,0.21517412935323382
PRY,2022,231,552,3159,1137,4296,0.26466480446927376
PRY,2023,40,97,559,181,740,0.2445945945945946
PSE,2019,115,115,358,37,395,0.09367088607594937
PSE,2020,3,3,4,0,4,0.0
PSE,2021,5,5,6,0,6,0.0
PSE,2022,3,3,4,0,4,0.0
PSE,2023,11,11,77,11,88,0.125
PSE,2024,39,39,137,49,186,0.26344086021505375
QAT,2012,1,1,2,0,2,0.0
QAT,2013,1,1,1,0,1,0.0
QAT,2014,51,51,134,17,151,0.11258278145695365
QAT,2015,127,127,246,32,278,0.11510791366906475
QAT,2016,92,92,292,45,337,0.13353115727002968
QAT,2017,544,544,1722,285,2007,0.14200298953662183
QAT,2018,686,686,2346,382,2728,0.14002932551319647
QAT,2019,764,764,2860,509,3369,0.15108340753932917
QAT,2020,586,586,2058,409,2467,0.16578840697203082
QAT,2021,1024,1024,3139,666,3805,0.1750328515111695
QAT,2022,1104,1104,4493,908,5401,0.16811701536752452
QAT,2023,1324,1324,4927,1199,6126,0.19572314724126674
QAT,2024,1214,1214,4908,1384,6292,0.2199618563254927
ROU,2012,92,362,1591,123,1714,0.07176196032672112
ROU,2013,160,1238,6696,713,7409,0.09623430962343096
ROU,2014,254,2580,14828,1894,16722,0.11326396364071284
ROU,2015,141,1393,7073,906,7979,0.1135480636671262
ROU,2016,178,249,1271,183,1454,0.12585969738651995
ROU,2017,167,167,964,98,1062,0.09227871939736347
ROU,2018,215,254,1040,328,1368,0.23976608187134502
ROU,2019,216,217,1076,256,1332,0.1921921921921922
ROU,2020,298,298,1313,106,1419,0.07470049330514447
ROU,2021,217,230,781,78,859,0.09080325960419092
ROU,2022,450,465,2502,285,2787,0.10226049515608181
ROU,2023,314,336,1787,267,2054,0.1299902629016553
ROU,2024,274,306,1620,310,1930,0.16062176165803108
RUS,1999,8,9,26,1,27,0.037037037037037035
RUS,2000,522,764,4588,230,4818,0.047737650477376506
RUS,2001,463,714,4105,172,4277,0.04021510404489128
RUS,2002,423,711,3644,200,3844,0.05202913631633715
RUS,2003,567,952,4864,342,5206,0.06569343065693431
RUS,2004,567,723,3563,224,3787,0.059149722735674676
RUS,2005,478,664,3391,202,3593,0.05622042861118842
RUS,2006,467,623,3273,166,3439,0.04826984588543181
RUS,2007,431,769,4239,307,4546,0.0675318961724593
RUS,2008,605,946,4576,276,4852,0.05688375927452597
RUS,2009,704,1176,5921,446,6367,0.07004868855033768
RUS,2010,682,2109,11638,1040,12678,0.08203186622495662
RUS,2011,601,2138,11443,1387,12830,0.10810600155884645
RUS,2012,545,1961,10925,942,11867,0.07937979270245218
RUS,2013,612,2722,14921,1360,16281,0.08353295252134389
RUS,2014,671,2818,17044,1900,18944,0.10029560810810811
RUS,2015,653,2529,14729,1701,16430,0.10353012781497262
RUS,2016,664,2644,15570,1456,17026,0.08551626923528721
RUS,2017,719,3711,22348,2649,24997,0.10597271672600712
RUS,2018,713,3834,24077,3022,27099,0.11151703014871397
RUS,2019,679,4058,24907,2853,27760,0.10277377521613833
RUS,2020,429,1513,6774,878,7652,0.11474124411918453
RUS,2021,461,1596,6035,760,6795,0.11184694628403238
RUS,2022,478,1766,6547,867,7414,0.11694092257890477
RUS,2023,560,3086,13649,1541,15190,0.10144832126398946
RUS,2024,596,3787,18777,2313,21090,0.1096728307254623
RWA,2017,46,46,338,52,390,0.13333333333333333
RWA,2018,33,35,262,47,309,0.15210355987055016
RWA,2019,125,127,1243,126,1369,0.09203798392987582
RWA,2020,38,38,194,16,210,0.0761904761904762
RWA,2021,91,91,318,36,354,0.1016949152542373
RWA,2022,165,168,864,152,1016,0.14960629921259844
RWA,2023,132,132,766,110,876,0.12557077625570776
RWA,2024,78,81,424,79,503,0.15705765407554673
SAU,2023,11,11,62,3,65,0.046153846153846156
SAU,2024,18,18,108,17,125,0.136
SGP,2007,2,2,4,2,6,0.3333333333333333
SGP,2008,4,5,16,5,21,0.23809523809523808
SGP,2009,18,18,84,7,91,0.07692307692307693
SGP,2010,5,5,13,1,14,0.07142857142857142
SGP,2011,46,46,189,24,213,0.11267605633802817
SGP,2012,94,126,499,68,567,0.11992945326278659
SGP,2013,87,152,533,65,598,0.10869565217391304
SGP,2014,71,126,435,40,475,0.08421052631578947
SGP,2015,111,178,698,89,787,0.11308767471410419
SGP,2016,123,251,911,126,1037,0.12150433944069432
SGP,2017,104,240,1068,164,1232,0.1331168831168831
SGP,2018,145,274,1284,209,1493,0.13998660415271266
SGP,2019,162,333,1465,290,1755,0.16524216524216523
SGP,2020,52,115,423,82,505,0.16237623762376238
SGP,2021,73,307,832,171,1003,0.17048853439680958
SGP,2022,107,434,1753,420,2173,0.1932811780947998
SGP,2023,107,427,2031,459,2490,0.18433734939759036
SGP,2024,75,266,1232,295,1527,0.19318925998690242
SLE,2022,24,74,603,89,692,0.12861271676300579
SLE,2023,79,276,1932,402,2334,0.17223650385604114
SLE,2024,93,361,2208,507,2715,0.1867403314917127
SLV,2019,89,90,523,180,703,0.25604551920341395
SLV,2020,52,52,250,115,365,0.3150684931506849
SLV,2021,297,2509,9123,4583,13706,0.33437910404202537
SLV,2022,508,5404,24255,13290,37545,0.3539752297243308
SLV,2023,616,6980,33769,20042,53811,0.37245172920034936
SLV,2024,577,5598,26198,15592,41790,0.37310361330461833
SOM,2024,177,845,4565,561,5126,0.10944206008583691
SRB,2004,165,306,1307,57,1364,0.041788856304985335
SRB,2005,194,374,1923,102,2025,0.05037037037037037
SRB,2006,201,391,1896,118,2014,0.05858987090367428
SRB,2007,144,277,1372,136,1508,0.09018567639257294
SRB,2008,127,235,685,57,742,0.07681940700808626
SRB,2009,174,309,1252,143,1395,0.1025089605734767
SRB,2010,181,318,1218,106,1324,0.08006042296072508
SRB,2011,171,297,1009,122,1131,0.10786914235190097
SRB,2012,240,422,1461,127,1588,0.07997481108312343
SRB,2013,437,763,2956,329,3285,0.10015220700152207
SRB,2014,381,721,2840,270,3110,0.08681672025723473
SRB,2015,551,1045,3872,513,4385,0.11698973774230331
SRB,2016,526,1055,3917,545,4462,0.12214253697893321
SRB,2017,475,931,3431,546,3977,0.13728941413125473
SRB,2018,484,998,4249,882,5131,0.17189631650750342
SRB,2019,359,791,4596,1074,5670,0.18941798941798943
SRB,2020,239,443,2523,481,3004,0.16011984021304926
SRB,2021,461,1309,7238,1371,8609,0.1592519456382855
SRB,2022,444,1737,8964,1945,10909,0.17829315244293703
SRB,2023,434,1554,8726,2195,10921,0.2009889204285322
SRB,2024,173,679,3845,1118,4963,0.22526697561958492
SUR,2020,69,69,373,116,489,0.23721881390593047
SUR,2021,488,797,4017,812,4829,0.16815075585007247
SUR,2022,1441,3069,18132,3562,21694,0.1641928643864663
SUR,2023,1613,4069,25127,7189,32316,0.22245946280480258
SUR,2024,1503,3935,23882,6953,30835,0.22549051402626885
SVK,1970,2,2,7,3,10,0.3
SVK,2009,15,15,59,7,66,0.10606060606060606
SVK,2010,89,89,339,71,410,0.17317073170731706
SVK,2011,49,49,376,35,411,0.0851581508515815
SVK,2012,230,230,855,152,1007,0.1509433962264151
SVK,2013,533,533,2272,320,2592,0.12345679012345678
SVK,2014,524,524,2965,480,3445,0.13933236574746008
SVK,2015,409,409,2519,384,2903,0.132276954874268
SVK,2016,354,354,2145,424,2569,0.16504476449980537
SVK,2017,182,182,913,165,1078,0.15306122448979592
SVK,2018,53,53,270,49,319,0.1536050156739812
SVK,2019,9,9,51,7,58,0.1206896551724138
SVK,2020,16,16,63,8,71,0.11267605633802817
SVK,2021,19,19,72,17,89,0.19101123595505617
SVK,2022,10,10,31,9,40,0.225
SVK,2023,11,11,41,8,49,0.16326530612244897
SVK,2024,51,208,1135,194,1329,0.14597441685477802
SVN,2019,256,272,1594,403,1997,0.20180270405608414
SVN,2020,550,564,1983,347,2330,0.14892703862660944
SVN,2021,938,1039,3683,713,4396,0.16219290263876252
SVN,2022,679,731,3405,1032,4437,0.2325895875591616
SVN,2023,685,755,3817,1422,5239,0.27142584462683716
SVN,2024,631,719,3274,1251,4525,0.2764640883977901
SWE,2014,1,1,4,1,5,0.2
SWE,2015,4,12,46,9,55,0.16363636363636364
SWE,2016,3,6,19,5,24,0.20833333333333334
SWE,2017,6,6,36,9,45,0.2
SWE,2018,7,12,66,33,99,0.3333333333333333
SWE,2019,2,2,4,3,7,0.42857142857142855
SWE,2020,1,1,2,6,8,0.75
SWE,2021,1,1,1,1,2,0.5
SWE,2022,1,1,3,0,3,0.0
SWE,2023,12,14,71,20,91,0.21978021978021978
SWE,2024,28,37,203,35,238,0.14705882352941177
SYC,2010,103,103,357,44,401,0.10972568578553615
SYC,2011,128,128,568,74,642,0.11526479750778816
SYC,2012,187,187,850,99,949,0.10432033719704953
SYC,2013,185,185,572,114,686,0.1661807580174927
SYC,2014,160,160,658,84,742,0.11320754716981132
SYC,2015,172,172,734,127,861,0.14750290360046459
SYC,2016,156,156,637,138,775,0.17806451612903226
SYC,2017,325,325,1180,290,1470,0.19727891156462585
SYC,2018,270,270,1359,241,1600,0.150625
SYC,2019,303,303,1616,342,1958,0.17466802860061287
SYC,2020,193,193,1224,196,1420,0.13802816901408452
SYC,2021,223,223,925,145,1070,0.13551401869158877
SYC,2022,214,214,1280,197,1477,0.13337846987136087
SYC,2023,153,153,711,127,838,0.1515513126491647
SYC,2024,169,169,967,228,1195,0.1907949790794979
SYR,2013,2,2,2,0,2,0.0
SYR,2014,1,1,9,1,10,0.1
SYR,2015,53,53,297,26,323,0.0804953560371517
SYR,2016,50,71,416,26,442,0.058823529411764705
SYR,2017,45,71,414,13,427,0.03044496487119438
SYR,2018,1102,2413,14519,2194,16713,0.13127505534613773
SYR,2019,2074,4410,24737,4017,28754,0.13970230228837727
SYR,2020,2109,4115,20549,3020,23569,0.12813441384869956
SYR,2021,2428,4473,24263,3501,27764,0.1260985448782596
SYR,2022,2836,4368,21836,2905,24741,0.11741643425892244
SYR,2023,2194,3773,19542,2779,22321,0.12450159043053627
SYR,2024,2124,3070,15908,2186,18094,0.12081352934674477
TGO,2024,8,12,144,13,157,0.08280254777070063
TJK,2005,1,1,1,0,1,0.0
TJK,2006,1,1,1,0,1,0.0
TJK,2007,3,3,3,0,3,0.0
TJK,2008,3,3,7,0,7,0.0
TJK,2009,3,3,4,0,4,0.0
TJK,2010,4,4,8,0,8,0.0
TJK,2011,4,4,4,0,4,0.0
TJK,2012,266,925,6600,694,7294,0.09514669591445023
TJK,2013,338,2890,22682,2507,25189,0.09952757155901386
TJK,2014,251,2593,18534,2079,20613,0.10085868141464124
TJK,2015,247,3147,22717,2888,25605,0.11279047061120875
TJK,2016,270,3405,25662,4179,29841,0.14004222378606615
TJK,2017,198,2435,16281,2056,18337,0.11212302993946666
TJK,2018,190,2699,19071,2218,21289,0.10418525999342383
TJK,2019,225,3652,24273,3853,28126,0.13699068477565243
TJK,2020,109,2620,17025,2688,19713,0.13635671891645107
TJK,2021,186,4524,29535,6022,35557,0.16936186967404449
TJK,2022,376,7374,52797,8538,61335,0.13920273905600392
TJK,2023,478,8130,52858,8737,61595,0.14184592905268284
TJK,2024,494,8823,58700,10613,69313,0.15311701989525775
TKM,2016,44,44,285,32,317,0.10094637223974763
TKM,2017,696,696,4222,683,4905,0.13924566768603466
TKM,2018,876,876,6288,900,7188,0.12520868113522537
TKM,2019,1056,1056,7642,1220,8862,0.13766644098397654
TKM,2020,924,924,4895,585,5480,0.10675182481751824
TKM,2021,768,768,4372,471,4843,0.09725376832541813
TKM,2022,850,850,5057,625,5682,0.1099964801126364
TKM,2023,264,264,1180,171,1351,0.12657290895632864
TKM,2024,225,225,913,117,1030,0.11359223300970873
TLS,2010,216,231,1224,146,1370,0.10656934306569343
TLS,2011,203,205,1096,185,1281,0.1444184231069477
TLS,2012,102,103,606,61,667,0.09145427286356822
TLS,2013,198,221,1285,148,1433,0.10327983251919051
TLS,2014,123,152,832,94,926,0.10151187904967603
TLS,2015,134,192,975,128,1103,0.11604714415231188
TLS,2016,96,166,1058,165,1223,0.1349141455437449
TLS,2017,99,141,931,187,1118,0.167262969588551
TLS,2018,72,95,561,78,639,0.12206572769953052
TLS,2019,120,130,829,111,940,0.11808510638297873
TLS,2020,102,109,667,79,746,0.10589812332439678
TLS,2021,140,149,871,95,966,0.09834368530020704
TLS,2022,73,100,519,69,588,0.11734693877551021
TLS,2023,203,460,2513,454,2967,0.15301651499831478
TLS,2024,349,1142,6327,1196,7523,0.15897913066595773
TTO,2015,13,14,34,7,41,0.17073170731707318
TTO,2016,33,332,1230,325,1555,0.2090032154340836
TTO,2017,39,144,765,170,935,0.18181818181818182
TTO,2018,17,66,374,62,436,0.14220183486238533
TTO,2019,33,91,350,78,428,0.1822429906542056
TTO,2020,95,223,602,85,687,0.12372634643377002
TTO,2021,111,222,579,93,672,0.13839285714285715
TTO,2022,134,239,837,128,965,0.13264248704663212
TTO,2023,134,195,649,140,789,0.17743979721166034
TTO,2024,133,292,1336,291,1627,0.17885679164105717
TUR,2014,210,1671,11257,1630,12887,0.12648405369752463
TUR,2015,762,8903,60834,10766,71600,0.15036312849162012
TUR,2016,898,10966,75564,12059,87623,0.13762368327950425
TUR,2017,907,14866,96328,16425,112753,0.1456723989605598
TUR,2018,852,18752,122277,19058,141335,0.1348427494958786
TUR,2019,768,18260,124849,19033,143882,0.13228200886837826
TUR,2020,476,5075,31047,3282,34329,0.09560429957179062
TUR,2021,691,7049,44314,6558,50872,0.128911778581538
TUR,2022,770,10710,68210,11721,79931,0.14663897611690083
TUR,2023,614,8803,56279,9392,65671,0.14301594311035312
TUR,2024,440,6201,39976,6756,46732,0.14456903192673115
TWN,2007,18,18,64,10,74,0.13513513513513514
TWN,2008,132,132,520,68,588,0.11564625850340136
TWN,2009,48,48,203,33,236,0.13983050847457626
TWN,2010,35,35,200,15,215,0.06976744186046512
TWN,2011,260,267,1344,187,1531,0.12214239059438275
TWN,2012,222,224,1074,135,1209,0.11166253101736973
TWN,2013,238,242,1332,120,1452,0.08264462809917356
TWN,2014,210,210,1160,131,1291,0.10147172734314484
TWN,2015,227,227,1108,142,1250,0.1136
TWN,2016,204,430,2102,552,2654,0.2079879427279578
TWN,2017,224,945,5071,1471,6542,0.22485478446958118
TWN,2018,254,1113,6651,1746,8397,0.20793140407288319
TWN,2019,276,1197,7338,1911,9249,0.20661693156016867
TWN,2020,104,429,1970,561,2531,0.22165152113789016
TWN,2021,88,301,1293,391,1684,0.2321852731591449
TWN,2022,207,848,4977,1160,6137,0.1890174352289392
TWN,2023,258,1124,7120,2041,9161,0.2227922715860714
TWN,2024,219,885,5504,1187,6691,0.17740248094455238
TZA,2013,1,1,2,0,2,0.0
TZA,2015,1,1,6,1,7,0.14285714285714285
TZA,2016,57,67,342,41,383,0.10704960835509138
TZA,2017,47,91,463,74,537,0.1378026070763501
TZA,2018,76,152,782,144,926,0.15550755939524838
TZA,2019,100,228,1426,272,1698,0.160188457008245
TZA,2020,57,127,665,118,783,0.15070242656449553
TZA,2021,156,555,3325,732,4057,0.18042888834113877
TZA,2022,206,368,2008,584,2592,0.22530864197530864
TZA,2023,202,317,1906,580,2486,0.2333065164923572
TZA,2024,285,480,4127,805,4932,0.1632197891321979
UGA,2021,51,99,786,157,943,0.1664899257688229
UGA,2022,147,378,2780,685,3465,0.1976911976911977
UGA,2023,88,203,1534,391,1925,0.2031168831168831
UGA,2024,149,330,2196,493,2689,0.1833395314243213
UKR,2012,15,16,33,1,34,0.029411764705882353
UKR,2013,211,286,1174,105,1279,0.08209538702111024
UKR,2014,286,295,1448,110,1558,0.07060333761232349
UKR,2015,173,179,770,127,897,0.1415830546265329
UKR,2016,189,193,818,135,953,0.1416579223504722
UKR,2017,124,124,594,114,708,0.16101694915254236
UKR,2018,105,107,613,95,708,0.134180790960452
UKR,2019,411,1087,6562,1115,7677,0.14523902566106553
UKR,2020,501,1569,8682,1509,10191,0.14807182808360317
UKR,2021,471,2471,12444,2854,15298,0.18656033468427247
UKR,2022,1474,6796,28276,4449,32725,0.1359511077158136
UKR,2023,1833,8901,45437,8877,54314,0.16343852413742313
UKR,2024,1782,8993,43605,10524,54129,0.1944244305270742
URY,2000,3,3,8,1,9,0.1111111111111111
URY,2010,25,100,507,60,567,0.10582010582010581
URY,2011,895,1083,3860,717,4577,0.15665282936421238
URY,2012,2075,2136,7161,1379,8540,0.16147540983606556
URY,2013,2665,2708,9554,1982,11536,0.1718099861303745
URY,2014,1775,1849,7787,1856,9643,0.19247122264855335
URY,2015,2647,3132,13005,3241,16246,0.19949526037178383
URY,2016,2678,3487,15412,4141,19553,0.21178335805247275
URY,2017,2718,3089,12929,3533,16462,0.2146154780707083
URY,2018,2218,2437,10562,2677,13239,0.2022056046529194
URY,2019,1828,2283,10698,2830,13528,0.20919574216439976
URY,2020,968,1039,4991,1014,6005,0.16885928393005828
URY,2021,1118,1170,5272,1241,6513,0.19054199293720253
URY,2022,1268,1300,6849,1793,8642,0.20747512149965286
URY,2023,1341,1387,7725,2044,9769,0.20923328897533014
URY,2024,1166,1260,7102,2180,9282,0.23486317603964663
USA,2001,111,134,667,52,719,0.07232267037552156
USA,2002,385,558,2492,281,2773,0.1013342949873783
USA,2003,310,534,2505,274,2779,0.09859661748830514
USA,2004,313,614,2825,337,3162,0.10657811511701455
USA,2005,437,935,4325,529,4854,0.10898228265348167
USA,2006,513,937,4383,522,4905,0.10642201834862386
USA,2007,430,880,3950,513,4463,0.11494510419000672
USA,2008,466,980,4223,614,4837,0.12693818482530494
USA,2009,153,195,492,224,716,0.3128491620111732
USA,2010,185,283,1884,511,2395,0.21336116910229644
USA,2011,513,712,4469,1235,5704,0.2165147265077139
USA,2012,320,414,2594,746,3340,0.22335329341317364
USA,2013,322,454,2949,812,3761,0.21590002658867322
USA,2014,382,584,3416,947,4363,0.21705248682099473
USA,2015,305,1004,5407,1783,7190,0.24798331015299027
USA,2016,165,451,2218,690,2908,0.23727647867950483
USA,2017,96,270,1467,457,1924,0.23752598752598753
USA,2018,89,778,3424,1030,4454,0.2312528064660979
USA,2019,23,47,174,25,199,0.12562814070351758
USA,2020,70,112,492,126,618,0.20388349514563106
USA,2021,8,9,32,14,46,0.30434782608695654
USA,2022,8,8,31,13,44,0.29545454545454547
USA,2023,7,8,54,7,61,0.11475409836065574
USA,2024,1,1,13,0,13,0.0
UZB,2016,5,9,83,20,103,0.1941747572815534
UZB,2017,201,225,931,92,1023,0.08993157380254155
UZB,2018,344,746,4663,792,5455,0.14518790100824933
UZB,2019,405,1356,8022,1551,9573,0.16201817612033845
UZB,2020,367,1555,6760,481,7241,0.06642728904847396
UZB,2021,535,3746,19779,2238,22017,0.10164872598446655
UZB,2022,685,4213,24258,3500,27758,0.12608977592045537
UZB,2023,952,4180,23153,2953,26106,0.11311575882938787
UZB,2024,820,3541,20412,2089,22501,0.09284031820807964
VCT,2014,8,10,32,6,38,0.15789473684210525
VCT,2015,6,6,18,7,25,0.28
VCT,2016,12,16,63,7,70,0.1
VCT,2017,6,8,29,10,39,0.2564102564102564
VCT,2018,9,19,100,21,121,0.17355371900826447
VCT,2019,20,42,172,32,204,0.1568627450980392
VCT,2020,15,27,114,44,158,0.27848101265822783
VCT,2021,7,10,20,7,27,0.25925925925925924
VCT,2022,16,42,211,69,280,0.24642857142857144
VCT,2023,23,39,154,66,220,0.3
VCT,2024,9,22,80,31,111,0.27927927927927926
VEN,2018,1,1,6,4,10,0.4
VEN,2019,21,21,183,30,213,0.14084507042253522
VEN,2020,17,17,68,15,83,0.18072289156626506
VEN,2021,23,23,92,16,108,0.14814814814814814
VEN,2022,2,2,9,4,13,0.3076923076923077
VEN,2023,129,173,916,161,1077,0.14948932219127206
VEN,2024,641,1375,7286,2063,9349,0.22066531179805327
VNM,2022,9,13,63,5,68,0.07352941176470588
VNM,2024,1,1,2,0,2,0.0
WSM,2014,3,18,132,24,156,0.15384615384615385
WSM,2015,40,136,594,144,738,0.1951219512195122
WSM,2016,24,58,311,89,400,0.2225
WSM,2017,8,13,81,18,99,0.18181818181818182
WSM,2018,9,61,241,90,331,0.2719033232628399
WSM,2020,9,29,44,15,59,0.2542372881355932
WSM,2022,148,169,818,297,1115,0.2663677130044843
WSM,2023,230,232,989,334,1323,0.25245653817082386
WSM,2024,177,181,878,282,1160,0.24310344827586206
XKX,2022,65,186,1036,462,1498,0.308411214953271
XKX,2023,173,187,1111,416,1527,0.2724296005239031
XKX,2024,215,215,988,474,1462,0.32421340629274964
YEM,2018,1,1,1,0,1,0.0
YEM,2019,3,6,9,1,10,0.1
YEM,2021,13,18,61,11,72,0.1527777777777778
YEM,2022,3,3,7,0,7,0.0
YEM,2023,3,3,6,1,7,0.14285714285714285
YEM,2024,3,10,39,10,49,0.20408163265306123
ZAF,2014,1,1,1,0,1,0.0
ZAF,2015,5,11,50,6,56,0.10714285714285714
ZAF,2016,2,2,2,1,3,0.3333333333333333
ZAF,2018,3,4,18,3,21,0.14285714285714285
ZAF,2019,2,3,3,0,3,0.0
ZAF,2020,3,5,19,1,20,0.05
ZAF,2022,2,2,2,0,2,0.0
