country,year,n_news,n_images_people,male_total,female_total,people_total,female_ratio,v2x_polyarchy
AGO,2022,304,304,1638,445,2083,0.213634181469035,0.327
AGO,2023,300,300,1531,356,1887,0.1886592474827769,0.33
AGO,2024,269,269,1422,309,1731,0.1785095320623916,0.34
ALB,2017,11,11,65,15,80,0.1875,0.537
ALB,2022,1,2,4,0,4,0.0,0.52
ALB,2024,15,29,201,87,288,0.3020833333333333,0.507
AND,2009,162,219,994,142,1136,0.125,
AND,2010,483,717,3429,525,3954,0.1327769347496206,
AND,2011,236,252,1113,206,1319,0.1561789234268385,
AND,2012,351,351,1435,311,1746,0.1781214203894616,
AND,2013,337,337,1507,332,1839,0.1805328983143012,
AND,2014,395,395,1893,405,2298,0.1762402088772846,
AND,2015,382,443,1838,443,2281,0.1942130644454186,
AND,2016,465,465,2194,646,2840,0.2274647887323943,
AND,2017,542,542,2245,682,2927,0.2330030748206354,
AND,2018,567,567,2631,789,3420,0.2307017543859649,
AND,2019,571,592,2923,964,3887,0.2480061744275791,
AND,2020,723,735,2237,685,2922,0.2344284736481861,
AND,2021,808,835,2776,960,3736,0.2569593147751606,
AND,2022,779,809,3462,1300,4762,0.2729945401091978,
AND,2023,775,819,3609,1334,4943,0.2698765931620473,
AND,2024,698,1062,5237,2034,7271,0.2797414385916655,
ARE,2024,1,1,1,0,1,0.0,0.103
ARG,2015,76,284,1198,191,1389,0.1375089992800576,0.776
ARG,2016,441,1852,9874,2086,11960,0.1744147157190635,0.753
ARG,2017,487,1841,9231,1612,10843,0.1486673429862584,0.754
ARG,2018,389,1370,6975,1168,8143,0.1434360800687707,0.783
ARG,2019,313,1082,5703,1019,6722,0.1515917881582862,0.788
ARG,2020,298,793,3689,594,4283,0.1386878356292318,0.805
ARG,2021,453,1263,5137,921,6058,0.1520303730604159,0.797
ARG,2022,425,1655,7955,1749,9704,0.180234954657873,0.832
ARG,2023,342,1526,7935,1601,9536,0.1678901006711409,0.838
ARG,2024,293,1392,6904,1588,8492,0.1869995289684408,0.712
ARM,2003,2,2,2,0,2,0.0,0.352
ARM,2004,1,1,1,0,1,0.0,0.343
ARM,2005,3,3,7,0,7,0.0,0.344
ARM,2006,1,1,12,0,12,0.0,0.339
ARM,2007,60,97,441,39,480,0.08125,0.347
ARM,2008,118,232,944,73,1017,0.071779744346116,0.316
ARM,2009,131,284,1374,100,1474,0.0678426051560379,0.318
ARM,2010,69,123,713,47,760,0.0618421052631578,0.33
ARM,2014,20,20,154,27,181,0.149171270718232,0.343
ARM,2015,171,171,1003,169,1172,0.14419795221843,0.345
ARM,2016,133,133,737,71,808,0.0878712871287128,0.349
ARM,2017,132,132,513,47,560,0.0839285714285714,0.382
ARM,2018,500,5027,27328,3287,30615,0.1073656704229952,0.522
ARM,2019,624,5120,28342,3588,31930,0.1123708111493893,0.793
ARM,2020,580,2906,13916,1724,15640,0.110230179028133,0.779
ARM,2021,542,3233,15054,1608,16662,0.0965070219661505,0.726
ARM,2022,533,4118,21063,2427,23490,0.1033205619412516,0.65
ARM,2023,610,5353,29823,4393,34216,0.1283902267944821,0.635
ARM,2024,515,5645,29389,4705,34094,0.1380008212588725,0.623
AUS,2015,1,1,3,0,3,0.0,0.872
AUS,2018,1,1,0,2,2,1.0,0.858
AUS,2019,5,7,42,14,56,0.25,0.825
AUS,2020,41,81,322,111,433,0.2563510392609699,0.843
AUS,2021,47,83,352,163,515,0.316504854368932,0.832
AUS,2022,37,68,255,116,371,0.3126684636118598,0.851
AUS,2023,12,22,74,25,99,0.2525252525252525,0.855
AUS,2024,7,22,96,45,141,0.3191489361702128,0.857
AUT,2018,69,116,699,187,886,0.2110609480812641,0.857
AUT,2019,81,129,720,268,988,0.2712550607287449,0.863
AUT,2020,14,16,59,22,81,0.2716049382716049,0.86
AUT,2021,33,39,141,41,182,0.2252747252747252,0.852
AUT,2022,18,28,116,80,196,0.4081632653061224,0.838
AUT,2023,52,65,255,163,418,0.3899521531100478,0.846
AUT,2024,87,96,443,138,581,0.2375215146299483,0.839
AZE,2010,61,136,750,30,780,0.0384615384615384,0.211
AZE,2011,63,160,645,43,688,0.0625,0.209
AZE,2012,84,248,1164,69,1233,0.0559610705596107,0.207
AZE,2013,70,257,1430,73,1503,0.0485695276114437,0.202
AZE,2014,95,410,2571,137,2708,0.0505908419497784,0.195
AZE,2015,85,395,2660,409,3069,0.13326816552623,0.194
AZE,2016,95,428,1871,205,2076,0.098747591522158,0.199
AZE,2017,105,433,2185,137,2322,0.0590008613264427,0.199
AZE,2018,167,554,2903,280,3183,0.0879673264216148,0.192
AZE,2019,312,834,4245,390,4635,0.0841423948220064,0.193
AZE,2020,277,611,2302,284,2586,0.1098221191028615,0.193
AZE,2021,231,688,3400,394,3794,0.1038481813389562,0.194
AZE,2022,316,1150,6604,1047,7651,0.1368448568814534,0.185
AZE,2023,140,582,3230,293,3523,0.0831677547544706,0.187
AZE,2024,156,726,3841,335,4176,0.0802203065134099,0.175
BDI,2016,5,5,18,7,25,0.28,0.165
BDI,2017,209,371,2819,425,3244,0.1310110974106041,0.157
BDI,2018,151,191,1598,300,1898,0.1580611169652265,0.157
BDI,2019,74,74,555,129,684,0.1885964912280701,0.158
BDI,2020,135,135,1003,214,1217,0.1758422350041084,0.168
BDI,2021,242,242,1480,306,1786,0.1713325867861142,0.181
BDI,2022,266,266,1460,345,1805,0.1911357340720221,0.19
BDI,2023,247,247,1514,356,1870,0.1903743315508021,0.187
BDI,2024,208,219,1493,293,1786,0.164053751399776,0.175
BEL,2020,1,1,1,1,2,0.5,0.897
BEL,2021,2,2,8,1,9,0.1111111111111111,0.898
BEL,2024,1,1,0,1,1,1.0,0.886
BEN,2019,151,170,1061,262,1323,0.1980347694633409,0.456
BEN,2020,306,530,2757,651,3408,0.1910211267605633,0.411
BEN,2021,343,1369,8105,1782,9887,0.1802366744209568,0.395
BEN,2022,351,1608,10608,2412,13020,0.1852534562211981,0.435
BEN,2023,331,2068,14592,3634,18226,0.1993854932513991,0.493
BEN,2024,329,2207,14656,4425,19081,0.2319060845867617,0.501
BFA,2019,133,1070,7972,1852,9824,0.1885179153094462,0.657
BFA,2020,129,1130,7810,1560,9370,0.1664887940234792,0.663
BFA,2021,168,1566,9686,1896,11582,0.1637022966672423,0.628
BFA,2022,82,912,6320,1502,7822,0.1920225006392227,0.274
BGR,2011,1,1,0,2,2,1.0,0.672
BGR,2012,71,81,392,61,453,0.1346578366445916,0.663
BGR,2013,218,348,1946,320,2266,0.1412180052956752,0.657
BGR,2014,263,486,2688,385,3073,0.1252847380410023,0.677
BGR,2015,137,293,1430,215,1645,0.1306990881458966,0.669
BGR,2016,55,111,442,54,496,0.1088709677419354,0.669
BGR,2017,253,555,2851,915,3766,0.242963356346256,0.624
BGR,2018,486,1431,7468,2567,10035,0.2558046836073742,0.614
BGR,2019,205,359,1869,568,2437,0.2330734509643003,0.614
BGR,2020,240,329,1101,323,1424,0.2268258426966292,0.603
BGR,2021,376,442,1742,479,2221,0.2156686177397568,0.666
BGR,2022,370,646,3075,1165,4240,0.2747641509433962,0.694
BGR,2023,329,768,3597,1677,5274,0.3179749715585893,0.67
BGR,2024,263,574,2911,1295,4206,0.3078934854969092,0.646
BHR,2009,7,9,43,5,48,0.1041666666666666,0.221
BHR,2010,9,12,40,11,51,0.2156862745098039,0.216
BHR,2011,5,5,9,3,12,0.25,0.17
BHR,2012,95,221,806,141,947,0.1488912354804646,0.159
BHR,2013,174,650,3129,709,3838,0.1847316310578426,0.158
BHR,2014,227,1117,6002,1162,7164,0.1621998883305416,0.156
BHR,2015,200,1304,6710,1334,8044,0.1658378915962207,0.134
BHR,2016,170,1225,6885,1592,8477,0.1878022885454759,0.13
BHR,2017,229,1290,6860,1519,8379,0.1812865497076023,0.122
BHR,2018,184,1159,6405,1736,8141,0.2132416165090283,0.118
BHR,2019,160,1005,5539,1593,7132,0.2233595064498037,0.117
BHR,2020,282,857,4266,1200,5466,0.2195389681668496,0.117
BHR,2021,510,1425,4681,1939,6620,0.2929003021148036,0.12
BHR,2022,585,1586,7015,2443,9458,0.2582998519771622,0.123
BHR,2023,614,1844,9066,2641,11707,0.2255915264371743,0.124
BHR,2024,400,1908,9739,3332,13071,0.2549154617091271,0.124
BHS,2015,3,6,36,10,46,0.217391304347826,
BHS,2016,251,445,2499,664,3163,0.2099272842238381,
BHS,2017,242,434,2206,650,2856,0.2275910364145658,
BHS,2018,41,56,327,100,427,0.234192037470726,
BHS,2019,16,36,163,36,199,0.1809045226130653,
BHS,2020,13,21,58,13,71,0.1830985915492957,
BHS,2021,37,72,336,59,395,0.1493670886075949,
BHS,2022,51,86,388,76,464,0.1637931034482758,
BHS,2023,62,84,372,123,495,0.2484848484848484,
BHS,2024,102,137,576,234,810,0.2888888888888888,
BIH,2012,35,151,1029,125,1154,0.108318890814558,0.573
BIH,2013,54,246,1584,231,1815,0.1272727272727272,0.563
BIH,2014,41,233,1461,209,1670,0.1251497005988024,0.56
BIH,2015,19,64,387,51,438,0.1164383561643835,0.549
BIH,2016,4,7,25,3,28,0.1071428571428571,0.554
BIH,2020,173,335,1284,342,1626,0.2103321033210332,0.524
BIH,2021,444,860,4361,969,5330,0.1818011257035647,0.517
BIH,2022,842,1683,10105,2169,12274,0.1767150073325729,0.521
BIH,2023,1082,2445,13882,3365,17247,0.1951063953151272,0.504
BIH,2024,749,1506,8341,2314,10655,0.2171750351947442,0.508
BLR,2000,1,3,11,0,11,0.0,0.297
BLR,2011,11,17,109,6,115,0.0521739130434782,0.216
BLR,2012,10,30,179,10,189,0.0529100529100529,0.221
BLR,2013,54,98,462,35,497,0.0704225352112676,0.242
BLR,2014,89,169,985,123,1108,0.1110108303249097,0.245
BLR,2015,126,195,1028,124,1152,0.1076388888888889,0.25
BLR,2016,200,300,1768,269,2037,0.1320569464899361,0.256
BLR,2017,153,300,1712,284,1996,0.1422845691382765,0.256
BLR,2018,96,199,1069,193,1262,0.152931854199683,0.257
BLR,2019,101,176,1003,158,1161,0.136089577950043,0.26
BLR,2020,77,135,565,82,647,0.1267387944358578,0.211
BLR,2021,105,122,512,51,563,0.0905861456483126,0.173
BLR,2022,108,151,608,78,686,0.1137026239067055,0.172
BLR,2023,94,181,788,78,866,0.0900692840646651,0.157
BLR,2024,135,1560,7531,1333,8864,0.1503835740072202,0.161
BLZ,2019,6,6,40,10,50,0.2,
BLZ,2020,23,30,101,12,113,0.1061946902654867,
BLZ,2021,107,136,658,81,739,0.1096075778078484,
BLZ,2022,160,208,1168,254,1422,0.1786216596343178,
BLZ,2023,151,207,1273,317,1590,0.1993710691823899,
BLZ,2024,115,150,935,281,1216,0.2310855263157894,
BOL,2013,37,40,179,28,207,0.1352657004830917,0.661
BOL,2014,151,151,765,175,940,0.1861702127659574,0.646
BOL,2015,187,199,927,263,1190,0.2210084033613445,0.617
BOL,2016,187,705,4048,869,4917,0.1767337807606264,0.619
BOL,2017,231,1089,6412,1415,7827,0.1807844640347515,0.615
BOL,2018,176,982,5452,1127,6579,0.1713026295789633,0.598
BOL,2019,233,1100,6770,1565,8335,0.1877624475104979,0.481
BOL,2020,76,156,866,254,1120,0.2267857142857142,0.331
BOL,2021,302,666,3246,653,3899,0.1674788407283919,0.614
BOL,2022,127,248,1552,359,1911,0.1878597592883307,0.589
BOL,2023,215,1027,5084,1383,6467,0.2138549559301067,0.584
BOL,2024,194,721,4018,1378,5396,0.2553743513713862,0.576
BRA,2012,2,2,3,0,3,0.0,0.872
BRA,2014,19,20,84,13,97,0.134020618556701,0.877
BRA,2015,85,185,1064,109,1173,0.092924126172208,0.863
BRA,2016,53,159,797,121,918,0.1318082788671024,0.782
BRA,2017,14,18,57,7,64,0.109375,0.778
BRA,2018,14,15,99,16,115,0.1391304347826087,0.753
BRA,2019,15,16,113,12,125,0.096,0.698
BRN,2015,6,6,24,3,27,0.1111111111111111,
BRN,2016,21,27,104,19,123,0.1544715447154471,
BRN,2017,8,8,33,6,39,0.1538461538461538,
BRN,2018,4,4,10,1,11,0.0909090909090909,
BRN,2019,12,12,49,9,58,0.1551724137931034,
BRN,2020,6,6,23,3,26,0.1153846153846153,
BRN,2021,11,11,39,4,43,0.0930232558139534,
BRN,2022,11,11,27,3,30,0.1,
BRN,2023,11,13,53,12,65,0.1846153846153846,
BRN,2024,5,5,18,3,21,0.1428571428571428,
BTN,2008,1,1,2,0,2,0.0,0.502
BTN,2009,4,5,15,2,17,0.1176470588235294,0.602
BTN,2010,3,3,20,1,21,0.0476190476190476,0.601
BTN,2011,6,37,199,17,216,0.0787037037037037,0.601
BTN,2012,18,28,71,7,78,0.0897435897435897,0.605
BTN,2013,29,37,173,24,197,0.1218274111675127,0.58
BTN,2014,36,41,269,42,311,0.135048231511254,0.573
BTN,2015,27,46,286,68,354,0.192090395480226,0.572
BTN,2016,76,126,545,100,645,0.1550387596899224,0.563
BTN,2017,79,135,757,148,905,0.1635359116022099,0.578
BTN,2018,70,150,951,227,1178,0.1926994906621392,0.585
BTN,2019,86,151,1029,232,1261,0.1839809674861221,0.601
BTN,2020,49,110,594,115,709,0.1622002820874471,0.6
BTN,2021,79,184,852,178,1030,0.1728155339805825,0.58
BTN,2022,56,124,450,99,549,0.180327868852459,0.562
BTN,2023,59,147,745,155,900,0.1722222222222222,0.54
BTN,2024,86,124,548,114,662,0.1722054380664652,0.561
CAN,2015,33,33,150,29,179,0.1620111731843575,0.814
CAN,2016,131,139,876,255,1131,0.2254641909814323,0.837
CAN,2017,78,78,385,84,469,0.1791044776119403,0.84
CAN,2018,49,49,158,21,179,0.1173184357541899,0.84
CAN,2019,54,54,163,17,180,0.0944444444444444,0.851
CAN,2020,21,21,87,7,94,0.0744680851063829,0.849
CAN,2021,21,21,64,23,87,0.264367816091954,0.846
CAN,2022,1,1,11,7,18,0.3888888888888889,0.847
CHE,2012,1,1,3,4,7,0.5714285714285714,0.905
CHE,2013,2,2,8,2,10,0.2,0.905
CHE,2014,58,67,260,60,320,0.1875,0.905
CHE,2015,108,112,456,76,532,0.1428571428571428,0.904
CHE,2016,82,84,373,70,443,0.1580135440180587,0.903
CHE,2017,75,78,352,75,427,0.1756440281030445,0.907
CHE,2018,68,70,347,63,410,0.1536585365853658,0.907
CHE,2019,54,60,326,65,391,0.1662404092071611,0.906
CHE,2020,16,18,94,11,105,0.1047619047619047,0.902
CHE,2021,13,13,79,8,87,0.0919540229885057,0.896
CHE,2022,9,9,36,6,42,0.1428571428571428,0.896
CHE,2023,8,8,25,5,30,0.1666666666666666,0.887
CHE,2024,10,10,25,10,35,0.2857142857142857,0.894
CHL,2015,11,32,181,79,260,0.3038461538461538,0.888
CHL,2016,3,21,25,27,52,0.5192307692307693,0.888
CHL,2018,5,8,52,32,84,0.3809523809523809,0.871
CHL,2019,140,236,1293,244,1537,0.1587508132726089,0.829
CHL,2020,65,142,607,136,743,0.1830417227456258,0.835
CHL,2021,108,283,1153,290,1443,0.2009702009702009,0.839
CHL,2022,44,140,680,341,1021,0.3339862879529873,0.838
CHL,2023,112,417,2185,709,2894,0.2449896337249481,0.837
CHL,2024,114,308,1671,562,2233,0.251679355127631,0.844
CHN,2014,8,8,41,3,44,0.0681818181818181,0.084
CHN,2015,7,8,41,4,45,0.0888888888888888,0.082
CHN,2016,2,2,13,0,13,0.0,0.08
CHN,2018,2,2,5,1,6,0.1666666666666666,0.077
CHN,2019,2,2,23,0,23,0.0,0.075
CHN,2020,4,4,21,0,21,0.0,0.075
CHN,2021,5,6,56,2,58,0.0344827586206896,0.077
CHN,2022,5,5,12,2,14,0.1428571428571428,0.075
CHN,2023,3,3,24,7,31,0.2258064516129032,0.074
CIV,2007,16,16,80,9,89,0.1011235955056179,0.436
CIV,2008,22,22,96,5,101,0.0495049504950495,0.436
CIV,2009,4,4,8,2,10,0.2,0.436
CIV,2010,4,4,19,0,19,0.0,0.447
CIV,2011,15,15,42,6,48,0.125,0.427
CIV,2012,50,50,245,27,272,0.0992647058823529,0.463
CIV,2013,85,85,440,47,487,0.0965092402464065,0.467
CIV,2014,51,60,325,43,368,0.1168478260869565,0.469
CIV,2015,74,74,363,42,405,0.1037037037037037,0.473
CIV,2016,67,67,389,49,438,0.1118721461187214,0.528
CIV,2017,85,96,441,59,500,0.118,0.54
CIV,2018,19,39,255,36,291,0.1237113402061855,0.539
CIV,2019,46,97,468,73,541,0.1349353049907578,0.532
CIV,2020,20,31,163,21,184,0.1141304347826086,0.499
CIV,2021,53,84,440,78,518,0.1505791505791505,0.434
CIV,2022,19,67,426,105,531,0.1977401129943503,0.445
CIV,2023,40,197,1195,247,1442,0.1712898751733703,0.446
CIV,2024,39,244,1594,457,2051,0.2228181374939054,0.432
COD,2019,15,15,101,16,117,0.1367521367521367,0.346
COD,2020,38,38,197,64,261,0.2452107279693486,0.353
COD,2021,2,2,2,0,2,0.0,0.346
COD,2022,197,1230,8035,1446,9481,0.1525155574306508,0.345
COD,2023,235,2091,14095,3404,17499,0.1945254014515115,0.336
COD,2024,261,2167,14616,3299,17915,0.184147362545353,0.327
COL,2011,77,126,663,139,802,0.1733167082294264,0.661
COL,2012,358,802,5013,1533,6546,0.2341888175985334,0.664
COL,2013,214,695,3797,1241,5038,0.2463279078999603,0.669
COL,2014,202,848,4009,1452,5461,0.2658853689800403,0.682
COL,2015,347,715,5193,1601,6794,0.2356491021489549,0.687
COL,2016,860,1574,11393,3437,14830,0.2317599460552933,0.688
COL,2017,808,1667,12129,3726,15855,0.2350047303689687,0.685
COL,2018,943,1650,11663,3492,15155,0.2304190036291653,0.67
COL,2019,600,1192,7689,2459,10148,0.242313756405203,0.659
COL,2020,245,385,1727,558,2285,0.2442013129102844,0.645
COL,2021,491,651,2750,1051,3801,0.2765061825835306,0.658
COL,2022,780,1920,9864,3847,13711,0.2805776383925315,0.696
COL,2023,789,2641,15172,5831,21003,0.2776270056658572,0.709
COL,2024,812,2769,15879,7489,23368,0.3204809996576515,0.701
COM,2017,166,166,1069,116,1185,0.0978902953586497,0.396
COM,2018,45,45,239,27,266,0.1015037593984962,0.383
COM,2019,5,5,19,5,24,0.2083333333333333,0.318
COM,2020,45,45,407,58,465,0.1247311827956989,0.289
COM,2021,59,59,164,30,194,0.1546391752577319,0.291
COM,2022,33,33,153,31,184,0.1684782608695652,0.283
COM,2023,33,33,209,25,234,0.1068376068376068,0.272
COM,2024,7,7,21,19,40,0.475,0.282
CPV,2018,1,1,2,1,3,0.3333333333333333,0.782
CPV,2019,630,630,3613,672,4285,0.1568261376896149,0.79
CPV,2020,404,404,1904,289,2193,0.1317829457364341,0.794
CPV,2021,338,338,1713,310,2023,0.1532377656945131,0.778
CPV,2022,784,784,4010,863,4873,0.1770982967371229,0.761
CPV,2023,983,994,5452,1438,6890,0.2087082728592162,0.757
CPV,2024,557,568,3211,892,4103,0.2174019010480136,0.757
CUB,2017,286,331,1469,271,1740,0.1557471264367816,0.17
CUB,2018,634,813,3717,833,4550,0.183076923076923,0.177
CUB,2019,650,964,4415,1045,5460,0.1913919413919413,0.181
CUB,2020,890,1136,4007,1026,5033,0.2038545599046294,0.179
CUB,2021,805,1234,6325,1152,7477,0.1540724889661629,0.179
CUB,2022,1218,1730,10005,1957,11962,0.1636014044474168,0.178
CUB,2023,1258,2108,13819,2889,16708,0.1729111802729231,0.175
CUB,2024,1098,2028,12608,2783,15391,0.1808199597167175,0.178
CYP,2018,77,87,353,57,410,0.1390243902439024,0.834
CYP,2019,115,120,533,67,600,0.1116666666666666,0.84
CYP,2020,62,62,231,34,265,0.1283018867924528,0.807
CYP,2021,12,15,84,11,95,0.1157894736842105,0.797
CYP,2022,188,212,933,180,1113,0.1617250673854447,0.782
CYP,2023,321,327,1488,280,1768,0.1583710407239819,0.778
CYP,2024,157,413,1529,396,1925,0.2057142857142857,0.774
CZE,2009,26,29,66,9,75,0.12,0.895
CZE,2010,11,12,35,2,37,0.054054054054054,0.886
CZE,2011,9,9,58,4,62,0.064516129032258,0.894
CZE,2012,34,38,182,17,199,0.0854271356783919,0.894
CZE,2013,29,34,177,4,181,0.0220994475138121,0.87
CZE,2014,55,64,391,50,441,0.1133786848072562,0.857
CZE,2015,54,60,428,57,485,0.1175257731958762,0.857
CZE,2016,82,82,612,55,667,0.0824587706146926,0.857
CZE,2017,78,93,735,57,792,0.0719696969696969,0.842
CZE,2018,79,83,481,64,545,0.1174311926605504,0.817
CZE,2019,93,97,523,89,612,0.1454248366013072,0.808
CZE,2020,76,76,304,60,364,0.1648351648351648,0.815
CZE,2021,55,70,242,46,288,0.1597222222222222,0.794
CZE,2022,47,47,355,49,404,0.1212871287128712,0.857
CZE,2023,131,520,1853,298,2151,0.1385402138540213,0.869
CZE,2024,124,736,2802,483,3285,0.1470319634703196,0.87
DEU,2021,9,15,45,4,49,0.0816326530612244,0.864
DEU,2022,172,273,1316,214,1530,0.1398692810457516,0.854
DEU,2023,109,142,782,146,928,0.1573275862068965,0.854
DEU,2024,55,127,650,106,756,0.1402116402116402,0.839
DJI,2023,79,79,545,59,604,0.097682119205298,0.25
DJI,2024,50,50,292,49,341,0.1436950146627566,0.25
DNK,2014,3,3,9,5,14,0.3571428571428571,0.922
DNK,2015,5,12,74,3,77,0.0389610389610389,0.923
DNK,2016,4,8,26,10,36,0.2777777777777778,0.921
DNK,2018,1,21,79,57,136,0.4191176470588235,0.921
DNK,2022,5,14,91,17,108,0.1574074074074074,0.918
DNK,2023,8,16,85,17,102,0.1666666666666666,0.916
DNK,2024,3,10,58,12,70,0.1714285714285714,0.916
DOM,2020,253,267,1791,393,2184,0.1799450549450549,0.643
DOM,2021,1179,1179,7317,1663,8980,0.1851893095768374,0.687
DOM,2022,3178,4826,31101,9393,40494,0.2319602904133945,0.683
DOM,2023,3470,5524,35421,10530,45951,0.2291571456551544,0.683
DOM,2024,2968,4404,28276,9062,37338,0.2427018051315014,0.705
DZA,2017,1,1,2,0,2,0.0,0.307
DZA,2018,4,4,8,0,8,0.0,0.307
DZA,2019,20,20,59,3,62,0.0483870967741935,0.288
DZA,2020,16,16,46,4,50,0.08,0.278
DZA,2021,88,88,305,15,320,0.046875,0.277
DZA,2022,100,100,517,31,548,0.0565693430656934,0.267
DZA,2023,402,402,1902,227,2129,0.1066228276186002,0.265
DZA,2024,418,444,1829,172,2001,0.0859570214892553,0.259
ECU,2012,54,54,271,46,317,0.1451104100946372,0.589
ECU,2013,242,261,1093,175,1268,0.1380126182965299,0.541
ECU,2014,779,949,5489,1092,6581,0.1659322291445069,0.54
ECU,2015,239,241,1444,262,1706,0.1535756154747948,0.534
ECU,2016,165,165,1082,215,1297,0.1657671549730146,0.543
ECU,2017,322,322,2005,430,2435,0.1765913757700205,0.555
ECU,2018,274,288,1748,401,2149,0.1865984178687761,0.643
ECU,2019,258,258,1520,403,1923,0.2095683827353094,0.618
ECU,2020,267,321,1667,424,2091,0.2027737924438067,0.623
ECU,2021,450,457,3008,634,3642,0.1740801757276222,0.628
ECU,2022,496,549,3761,871,4632,0.1880397236614853,0.659
ECU,2023,398,446,3157,812,3969,0.2045855379188712,0.639
ECU,2024,388,391,2816,1008,3824,0.2635983263598326,0.651
EGY,2014,2,8,73,6,79,0.0759493670886076,0.135
EGY,2015,3,5,20,0,20,0.0,0.155
EGY,2016,1,2,2,2,4,0.5,0.178
EGY,2017,27,71,499,48,547,0.0877513711151736,0.177
EGY,2018,28,58,397,29,426,0.068075117370892,0.177
EGY,2019,710,1637,10774,1157,11931,0.0969742687117592,0.174
EGY,2020,610,1383,7556,500,8056,0.0620655412115193,0.175
EGY,2021,750,1487,7108,523,7631,0.0685362337832525,0.181
EGY,2022,758,1508,7603,742,8345,0.0889155182744158,0.184
EGY,2023,711,1475,7577,552,8129,0.0679050313691721,0.188
EGY,2024,546,1142,5286,571,5857,0.0974901826873826,0.186
ESP,2011,248,380,1739,328,2067,0.1586840832123851,0.893
ESP,2012,156,240,1521,258,1779,0.1450252951096121,0.892
ESP,2013,135,236,1808,307,2115,0.1451536643026004,0.872
ESP,2014,128,237,1517,253,1770,0.1429378531073446,0.872
ESP,2015,147,263,1589,319,1908,0.1671907756813417,0.854
ESP,2016,98,248,1093,246,1339,0.1837191934279313,0.847
ESP,2017,137,301,1928,425,2353,0.1806204844878878,0.833
ESP,2018,167,275,1785,427,2212,0.1930379746835443,0.854
ESP,2019,97,146,977,288,1265,0.2276679841897233,0.872
ESP,2020,174,315,1523,442,1965,0.2249363867684478,0.873
ESP,2021,253,420,2459,588,3047,0.1929766983918608,0.853
ESP,2022,251,437,2849,774,3623,0.2136351090256693,0.868
ESP,2023,183,308,2046,555,2601,0.2133794694348327,0.85
ESP,2024,267,683,4595,1370,5965,0.2296730930427493,0.829
EST,2008,4,4,16,3,19,0.1578947368421052,0.874
EST,2009,19,20,57,7,64,0.109375,0.874
EST,2010,16,16,102,15,117,0.1282051282051282,0.881
EST,2014,35,35,158,30,188,0.1595744680851064,0.887
EST,2015,93,93,388,142,530,0.2679245283018868,0.895
EST,2016,149,149,688,177,865,0.2046242774566474,0.907
EST,2017,152,152,799,170,969,0.175438596491228,0.906
EST,2018,56,56,201,38,239,0.1589958158995816,0.905
EST,2019,30,38,196,22,218,0.1009174311926605,0.898
EST,2020,20,26,95,21,116,0.1810344827586207,0.896
EST,2021,11,11,45,18,63,0.2857142857142857,0.898
EST,2022,75,86,420,92,512,0.1796875,0.895
EST,2023,146,192,1014,271,1285,0.2108949416342412,0.895
EST,2024,139,243,1357,383,1740,0.2201149425287356,0.895
FIN,2019,425,469,1478,625,2103,0.2971944840703756,0.88
FIN,2020,368,368,719,388,1107,0.3504968383017163,0.879
FIN,2021,423,448,1019,462,1481,0.3119513841998649,0.872
FIN,2022,475,535,1202,546,1748,0.3123569794050343,0.873
FIN,2023,198,219,561,299,860,0.3476744186046511,0.865
FIN,2024,370,384,861,404,1265,0.3193675889328063,0.847
FJI,2012,184,184,658,99,757,0.130779392338177,0.137
FJI,2013,1428,1436,5056,928,5984,0.1550802139037433,0.142
FJI,2014,1171,1173,4992,935,5927,0.1577526573308587,0.197
FJI,2015,807,807,4425,927,5352,0.1732062780269058,0.387
FJI,2016,293,295,1417,278,1695,0.1640117994100295,0.398
FJI,2017,71,71,254,54,308,0.1753246753246753,0.405
FJI,2018,20,20,74,22,96,0.2291666666666666,0.404
FJI,2019,763,1321,7864,1994,9858,0.2022722661797525,0.393
FJI,2020,653,1005,5407,1266,6673,0.189719766222089,0.408
FJI,2021,743,1902,8743,2433,11176,0.2176986399427344,0.402
FJI,2022,764,7944,50111,12287,62398,0.1969133626077759,0.399
FJI,2023,198,1329,7319,2070,9389,0.2204707636596016,0.511
FJI,2024,25,168,1195,221,1416,0.1560734463276836,0.516
FRA,2000,1,1,2,0,2,0.0,0.877
FRA,2009,1,1,1,0,1,0.0,0.886
FRA,2017,6,7,54,12,66,0.1818181818181818,0.887
FRA,2018,18,21,138,18,156,0.1153846153846153,0.875
FRA,2019,16,26,130,39,169,0.2307692307692307,0.867
FRA,2020,81,117,297,70,367,0.1907356948228883,0.866
FRA,2021,78,133,423,90,513,0.175438596491228,0.867
FRA,2022,55,97,272,68,340,0.2,0.878
FRA,2023,25,30,72,21,93,0.2258064516129032,0.876
FRA,2024,27,50,90,42,132,0.3181818181818182,0.866
GAB,2014,4,8,21,5,26,0.1923076923076923,0.373
GAB,2015,13,18,106,12,118,0.1016949152542373,0.373
GAB,2018,1,1,14,2,16,0.125,0.386
GAB,2023,21,26,159,32,191,0.1675392670157068,0.329
GAB,2024,110,165,924,148,1072,0.1380597014925373,0.229
GBR,2006,11,11,41,6,47,0.1276595744680851,0.867
GBR,2007,14,14,38,10,48,0.2083333333333333,0.867
GBR,2008,17,17,66,12,78,0.1538461538461538,0.867
GBR,2009,20,20,68,24,92,0.2608695652173913,0.867
GBR,2010,220,313,1257,186,1443,0.1288981288981289,0.866
GBR,2011,308,437,1938,269,2207,0.1218849116447666,0.867
GBR,2012,223,392,1867,287,2154,0.1332404828226555,0.867
GBR,2013,851,1256,4967,916,5883,0.1557028726840047,0.866
GBR,2014,462,585,2091,543,2634,0.2061503416856492,0.866
GBR,2015,320,378,1492,303,1795,0.1688022284122562,0.858
GBR,2016,266,312,1104,376,1480,0.254054054054054,0.856
GBR,2017,327,360,1493,376,1869,0.2011771000535045,0.867
GBR,2018,556,626,2553,844,3397,0.2484545186929644,0.874
GBR,2019,791,905,3779,1204,4983,0.2416215131446919,0.855
GBR,2020,624,649,2041,606,2647,0.2289384208537967,0.87
GBR,2021,566,592,2070,602,2672,0.2252994011976048,0.859
GBR,2022,794,838,2719,922,3641,0.2532271354023619,0.842
GBR,2023,821,869,2877,787,3664,0.2147925764192139,0.847
GBR,2024,658,696,2153,716,2869,0.2495643081212966,0.833
GEO,2013,5,5,36,4,40,0.1,0.618
GEO,2014,674,750,5230,570,5800,0.0982758620689655,0.667
GEO,2015,741,889,5264,593,5857,0.1012463718627283,0.669
GEO,2016,908,1009,6505,732,7237,0.1011468840679839,0.682
GEO,2017,514,866,5044,489,5533,0.0883788180010844,0.674
GEO,2018,583,857,4637,528,5165,0.1022265246853823,0.664
GEO,2019,642,1022,5789,829,6618,0.1252644303414929,0.625
GEO,2020,557,863,4922,798,5720,0.1395104895104895,0.618
GEO,2021,976,1312,6939,793,7732,0.1025607863424728,0.604
GEO,2022,798,1051,5298,494,5792,0.0852900552486187,0.606
GEO,2023,808,995,4653,554,5207,0.1063952371807182,0.583
GEO,2024,455,777,4447,549,4996,0.1098879103282626,0.48
GHA,2015,2,2,17,6,23,0.2608695652173913,0.74
GHA,2017,4,18,58,13,71,0.1830985915492957,0.743
GHA,2018,118,329,1842,651,2493,0.2611311672683514,0.742
GHA,2019,53,53,200,83,283,0.293286219081272,0.722
GHA,2020,11,11,50,17,67,0.2537313432835821,0.719
GHA,2021,1,1,11,7,18,0.3888888888888889,0.665
GHA,2022,49,49,202,95,297,0.3198653198653198,0.662
GHA,2023,41,41,219,107,326,0.3282208588957055,0.664
GHA,2024,17,17,108,45,153,0.2941176470588235,0.669
GMB,2021,29,29,166,65,231,0.2813852813852814,0.503
GMB,2022,67,259,1040,317,1357,0.2336035372144436,0.626
GMB,2023,19,19,128,23,151,0.152317880794702,0.64
GMB,2024,41,41,302,61,363,0.1680440771349862,0.634
GNQ,2019,1705,1705,8736,1589,10325,0.1538983050847457,0.179
GNQ,2020,1717,1730,7350,1261,8611,0.1464405992335385,0.178
GNQ,2021,1128,3320,17265,2789,20054,0.1390744988530966,0.174
GNQ,2022,600,1968,12090,2461,14551,0.169129269466016,0.174
GNQ,2023,1003,3824,23048,4849,27897,0.1738179732587733,0.184
GNQ,2024,1162,4645,29169,6466,35635,0.1814508208222253,0.178
GRC,2010,11,18,46,5,51,0.0980392156862745,0.907
GRC,2011,57,93,344,36,380,0.0947368421052631,0.906
GRC,2012,34,58,193,17,210,0.0809523809523809,0.899
GRC,2013,83,129,424,31,455,0.0681318681318681,0.887
GRC,2014,113,188,629,57,686,0.0830903790087463,0.886
GRC,2015,76,121,403,23,426,0.0539906103286385,0.877
GRC,2016,77,124,517,30,547,0.0548446069469835,0.871
GRC,2017,119,171,597,59,656,0.0899390243902439,0.871
GRC,2018,108,162,399,29,428,0.0677570093457943,0.863
GRC,2019,125,205,607,73,680,0.1073529411764705,0.864
GRC,2020,155,231,539,55,594,0.0925925925925925,0.789
GRC,2021,154,212,499,45,544,0.0827205882352941,0.763
GRC,2022,212,299,849,102,951,0.1072555205047318,0.763
GRC,2023,159,215,588,69,657,0.1050228310502283,0.74
GRC,2024,185,252,652,97,749,0.1295060080106809,0.75
GTM,2018,18,25,157,76,233,0.3261802575107296,0.599
GTM,2019,288,772,4467,1292,5759,0.2243445042542108,0.604
GTM,2020,443,941,4592,939,5531,0.1697703851021515,0.587
GTM,2021,1491,3515,16467,3200,19667,0.1627091066253114,0.549
GTM,2022,1705,3416,18449,3835,22284,0.1720965715311434,0.507
GTM,2023,976,1853,9912,2307,12219,0.1888043211392094,0.505
GTM,2024,1531,4367,24505,7520,32025,0.2348165495706479,0.597
GUY,2017,3,3,18,2,20,0.1,0.661
GUY,2018,1,1,4,1,5,0.2,0.665
GUY,2019,5,5,8,9,17,0.5294117647058824,0.645
GUY,2020,4,5,8,0,8,0.0,0.557
GUY,2021,6,8,18,1,19,0.0526315789473684,0.495
GUY,2022,28,35,108,33,141,0.2340425531914893,0.496
GUY,2023,125,125,577,106,683,0.1551976573938506,0.491
GUY,2024,38,41,127,32,159,0.2012578616352201,0.491
HRV,2003,76,76,355,28,383,0.0731070496083551,0.774
HRV,2004,47,47,167,13,180,0.0722222222222222,0.752
HRV,2005,45,45,148,59,207,0.2850241545893719,0.777
HRV,2006,35,35,110,47,157,0.2993630573248407,0.775
HRV,2007,93,93,358,98,456,0.2149122807017544,0.787
HRV,2008,222,222,1066,153,1219,0.1255127153404429,0.783
HRV,2009,326,326,1565,182,1747,0.1041785918717801,0.787
HRV,2010,370,370,1830,256,2086,0.1227229146692233,0.846
HRV,2011,131,131,689,55,744,0.0739247311827957,0.854
HRV,2012,212,212,802,299,1101,0.2715712988192552,0.855
HRV,2014,2,3,13,1,14,0.0714285714285714,0.828
HRV,2015,72,121,799,90,889,0.1012373453318335,0.816
HRV,2017,80,80,621,128,749,0.1708945260347129,0.739
HRV,2018,78,78,513,98,611,0.160392798690671,0.732
HRV,2019,77,77,569,108,677,0.1595273264401772,0.742
HRV,2020,49,51,219,43,262,0.1641221374045801,0.773
HRV,2021,300,321,1249,242,1491,0.1623071763916834,0.761
HRV,2022,207,438,2089,564,2653,0.2125895212966453,0.742
HRV,2023,196,476,2636,739,3375,0.2189629629629629,0.744
HRV,2024,146,461,2649,725,3374,0.2148784825133373,0.723
HUN,2011,2,2,12,2,14,0.1428571428571428,0.782
HUN,2012,29,34,170,38,208,0.1826923076923076,0.777
HUN,2013,44,56,292,30,322,0.093167701863354,0.728
HUN,2014,340,561,2765,343,3108,0.1103603603603603,0.667
HUN,2015,616,1391,6543,685,7228,0.0947703375760929,0.616
HUN,2016,735,1722,7985,809,8794,0.0919945417329997,0.607
HUN,2017,717,1765,8430,1029,9459,0.1087852838566444,0.559
HUN,2018,464,1143,5316,639,5955,0.1073047858942065,0.483
HUN,2019,185,426,2069,226,2295,0.098474945533769,0.471
HUN,2020,17,30,149,23,172,0.1337209302325581,0.468
HUN,2021,1,1,1,0,1,0.0,0.452
HUN,2022,3,10,35,14,49,0.2857142857142857,0.452
HUN,2023,2,3,37,10,47,0.2127659574468085,0.437
HUN,2024,3,4,12,1,13,0.0769230769230769,0.436
IDN,2014,199,199,1384,160,1544,0.1036269430051813,0.665
IDN,2015,699,709,4685,702,5387,0.1303137182105067,0.654
IDN,2016,732,739,5108,693,5801,0.1194621616962592,0.645
IDN,2017,636,638,4469,738,5207,0.1417322834645669,0.628
IDN,2018,1257,1261,8555,1519,10074,0.1507841969426245,0.603
IDN,2019,1571,1589,11714,2374,14088,0.1685122089721749,0.602
IDN,2020,1557,1557,7027,1214,8241,0.1473122193908506,0.574
IDN,2021,1676,1676,6622,1211,7833,0.1546023235031278,0.551
IDN,2022,1404,1405,8560,1412,9972,0.1415964701163257,0.557
IDN,2023,1339,1339,10456,1954,12410,0.157453666398066,0.538
IDN,2024,1077,1079,8683,1648,10331,0.1595198915884232,0.483
IND,2011,1,4,23,2,25,0.08,0.672
IND,2012,1,1,10,0,10,0.0,0.66
IND,2013,1,1,11,1,12,0.0833333333333333,0.658
IND,2014,353,651,4082,383,4465,0.0857782754759238,0.622
IND,2015,481,1578,11555,1287,12842,0.1002180345740538,0.546
IND,2016,408,602,4322,434,4756,0.0912531539108494,0.526
IND,2017,326,498,3542,399,3941,0.1012433392539964,0.481
IND,2018,270,479,3541,553,4094,0.1350757205666829,0.476
IND,2019,240,328,2199,302,2501,0.1207516993202719,0.431
IND,2020,246,248,1231,169,1400,0.1207142857142857,0.394
IND,2021,468,476,1830,243,2073,0.1172214182344428,0.397
IND,2022,631,643,4116,655,4771,0.1372877803395514,0.388
IND,2023,714,733,3895,568,4463,0.1272686533721712,0.373
IND,2024,609,610,3253,520,3773,0.1378213623111582,0.398
IRL,2023,1,5,9,3,12,0.25,0.895
IRN,2013,61,389,2128,129,2257,0.0571555161719096,0.175
IRN,2014,68,1034,7305,416,7721,0.0538790312135733,0.185
IRN,2015,411,4931,38569,2618,41187,0.0635637458421346,0.188
IRN,2016,785,6884,56025,3559,59584,0.0597308002148227,0.188
IRN,2017,530,4507,38706,1995,40701,0.049015994693005,0.187
IRN,2018,344,2051,15713,879,16592,0.0529773384763741,0.183
IRN,2019,270,2332,17973,808,18781,0.0430222032905596,0.182
IRN,2020,1134,8943,38876,1493,40369,0.0369838242215561,0.166
IRN,2021,1494,13981,79316,3951,83267,0.0474497700169334,0.158
IRN,2022,2554,15813,114611,7695,122306,0.0629159648749856,0.151
IRN,2023,1319,2030,12532,788,13320,0.0591591591591591,0.154
IRN,2024,721,721,2911,119,3030,0.0392739273927392,0.167
IRQ,2019,626,852,4183,493,4676,0.105431993156544,0.391
IRQ,2020,878,1512,7927,744,8671,0.0858032522200438,0.371
IRQ,2021,731,1469,7275,734,8009,0.0916468972406043,0.371
IRQ,2022,541,863,3719,451,4170,0.1081534772182254,0.372
IRQ,2023,4,8,28,10,38,0.2631578947368421,0.356
IRQ,2024,742,1264,6989,715,7704,0.0928089304257528,0.351
ISL,2018,21,47,211,55,266,0.206766917293233,0.877
ISL,2019,33,58,336,81,417,0.1942446043165467,0.857
ISL,2020,57,66,217,116,333,0.3483483483483483,0.861
ISL,2021,49,67,241,98,339,0.2890855457227139,0.837
ISL,2022,48,76,336,129,465,0.2774193548387096,0.83
ISL,2023,47,69,337,80,417,0.1918465227817745,0.844
ISL,2024,44,56,374,80,454,0.1762114537444934,0.844
ISR,2001,2,2,23,3,26,0.1153846153846153,0.762
ISR,2002,3,3,9,0,9,0.0,0.764
ISR,2005,6,6,18,0,18,0.0,0.76
ISR,2006,4,4,8,3,11,0.2727272727272727,0.763
ISR,2007,2,2,10,2,12,0.1666666666666666,0.761
ISR,2008,8,8,18,8,26,0.3076923076923077,0.761
ISR,2009,5,5,10,1,11,0.0909090909090909,0.757
ISR,2011,3,3,15,1,16,0.0625,0.749
ISR,2012,7,7,18,4,22,0.1818181818181818,0.754
ISR,2013,13,13,79,14,93,0.1505376344086021,0.744
ISR,2014,17,17,105,8,113,0.0707964601769911,0.744
ISR,2015,11,11,32,3,35,0.0857142857142857,0.736
ISR,2016,4,4,20,0,20,0.0,0.731
ISR,2017,4,4,17,2,19,0.1052631578947368,0.718
ISR,2018,236,236,854,91,945,0.0962962962962963,0.713
ISR,2019,63,63,235,29,264,0.1098484848484848,0.714
ISR,2020,98,98,286,36,322,0.1118012422360248,0.728
ISR,2021,252,252,940,129,1069,0.1206735266604303,0.738
ISR,2022,258,258,1131,161,1292,0.1246130030959752,0.728
ISR,2023,193,193,1028,156,1184,0.1317567567567567,0.72
ISR,2024,46,46,223,27,250,0.108,0.715
ITA,2014,7,7,31,5,36,0.1388888888888889,0.865
ITA,2015,7,7,12,6,18,0.3333333333333333,0.865
ITA,2016,3,5,55,12,67,0.1791044776119403,0.872
ITA,2017,36,47,206,26,232,0.1120689655172413,0.87
ITA,2018,24,29,114,6,120,0.05,0.869
ITA,2019,42,52,329,63,392,0.1607142857142857,0.86
ITA,2020,7,15,57,9,66,0.1363636363636363,0.866
ITA,2021,7,8,28,7,35,0.2,0.865
ITA,2022,35,35,171,51,222,0.2297297297297297,0.848
ITA,2023,272,281,763,377,1140,0.3307017543859649,0.816
ITA,2024,220,232,794,369,1163,0.3172828890799656,0.803
JAM,2016,44,44,196,40,236,0.1694915254237288,0.809
JAM,2017,127,127,749,153,902,0.1696230598669623,0.815
JAM,2018,87,87,470,105,575,0.1826086956521739,0.811
JAM,2019,101,115,562,94,656,0.1432926829268292,0.814
JAM,2020,70,99,381,44,425,0.1035294117647058,0.814
JAM,2021,61,67,211,30,241,0.1244813278008298,0.806
JAM,2022,96,110,510,88,598,0.1471571906354515,0.803
JAM,2023,32,37,168,41,209,0.1961722488038277,0.803
JAM,2024,109,111,609,135,744,0.1814516129032258,0.803
JOR,2021,20,20,90,15,105,0.1428571428571428,0.257
JOR,2022,19,19,91,14,105,0.1333333333333333,0.256
JOR,2023,42,42,122,28,150,0.1866666666666666,0.251
JOR,2024,41,45,261,62,323,0.1919504643962848,0.273
JPN,1998,1,1,1,0,1,0.0,0.844
JPN,2001,1,1,1,1,2,0.5,0.845
JPN,2008,1,2,3,1,4,0.25,0.857
JPN,2009,1,2,11,0,11,0.0,0.859
JPN,2013,35,69,363,39,402,0.0970149253731343,0.823
JPN,2014,54,112,588,60,648,0.0925925925925925,0.823
JPN,2015,65,123,658,68,726,0.09366391184573,0.825
JPN,2016,83,191,1118,116,1234,0.0940032414910859,0.825
JPN,2017,99,314,1947,153,2100,0.0728571428571428,0.823
JPN,2018,163,398,2115,189,2304,0.08203125,0.84
JPN,2019,95,251,1227,116,1343,0.086373790022338,0.838
JPN,2020,40,86,389,39,428,0.0911214953271028,0.836
JPN,2021,75,169,547,68,615,0.1105691056910569,0.827
JPN,2022,347,1301,9383,1076,10459,0.102877904197342,0.823
JPN,2023,845,3758,28152,4096,32248,0.1270156288762093,0.828
JPN,2024,577,3312,30288,4536,34824,0.1302549965541006,0.82
KAZ,2012,11,17,162,19,181,0.1049723756906077,0.235
KAZ,2013,15,31,230,33,263,0.1254752851711026,0.231
KAZ,2014,195,295,2237,311,2548,0.1220565149136577,0.232
KAZ,2015,138,275,2734,525,3259,0.1610923596195151,0.236
KAZ,2016,145,368,3287,416,3703,0.1123413448555225,0.245
KAZ,2017,181,485,4382,664,5046,0.1315893777249306,0.236
KAZ,2018,195,677,6430,977,7407,0.1319022546240043,0.234
KAZ,2019,227,880,7306,1135,8441,0.1344627413813529,0.236
KAZ,2020,108,516,4038,353,4391,0.0803917103165565,0.24
KAZ,2021,141,431,2084,153,2237,0.0683951721054984,0.252
KAZ,2022,145,642,4197,556,4753,0.1169787502629918,0.265
KAZ,2023,143,664,4596,632,5228,0.1208875286916602,0.271
KAZ,2024,79,412,3147,568,3715,0.1528936742934051,0.272
KEN,2022,2,2,7,2,9,0.2222222222222222,0.548
KEN,2023,1,1,10,7,17,0.4117647058823529,0.566
KEN,2024,141,155,1467,272,1739,0.156411730879816,0.549
KGZ,2018,29,60,285,61,346,0.176300578034682,0.467
KGZ,2019,915,3841,22908,4753,27661,0.171830374896063,0.446
KGZ,2020,1388,6877,37157,5309,42466,0.1250176611877737,0.39
KGZ,2021,2180,11379,64964,11113,76077,0.1460756864755445,0.409
KGZ,2022,1952,10509,64006,12696,76702,0.1655237151573622,0.379
KGZ,2023,1560,6673,38027,7677,45704,0.167972168737966,0.35
KGZ,2024,1588,6602,39224,7190,46414,0.154910156418322,0.333
KHM,2016,33,118,650,44,694,0.063400576368876,0.28
KHM,2017,450,3021,25943,5188,31131,0.1666506055057659,0.234
KHM,2018,581,4505,37610,7347,44957,0.1634228262562003,0.211
KHM,2019,688,5154,42588,7130,49718,0.1434088257773844,0.195
KHM,2020,293,2357,19373,3591,22964,0.1563751959588921,0.192
KHM,2021,202,1361,9550,1072,10622,0.1009226134437959,0.192
KHM,2022,646,5158,43080,7001,50081,0.1397935344741518,0.199
KHM,2023,955,10941,88800,21557,110357,0.195338764192575,0.19
KHM,2024,1124,6696,46808,9601,56409,0.1702033363470368,0.186
KOR,2013,3,8,55,5,60,0.0833333333333333,0.718
KOR,2014,352,1167,7312,1184,8496,0.1393596986817326,0.71
KOR,2015,405,1277,7791,1458,9249,0.1576386636393123,0.714
KOR,2016,615,1167,6807,1320,8127,0.162421557770395,0.729
KOR,2017,642,932,4736,720,5456,0.1319648093841642,0.859
KOR,2018,621,960,5056,1118,6174,0.1810819565921606,0.864
KOR,2019,478,704,3561,722,4283,0.1685734298388979,0.852
KOR,2020,400,465,1842,422,2264,0.1863957597173144,0.858
KOR,2021,312,410,1843,336,2179,0.1541991739329967,0.861
KOR,2022,233,339,1708,324,2032,0.1594488188976378,0.81
KOR,2023,366,545,3203,670,3873,0.1729925122643945,0.733
KOR,2024,313,369,2227,471,2698,0.1745737583395107,0.729
KWT,2023,189,189,949,168,1117,0.1504028648164727,0.316
KWT,2024,100,100,492,126,618,0.203883495145631,0.292
LBR,2011,9,9,16,8,24,0.3333333333333333,0.645
LBR,2012,24,24,18,14,32,0.4375,0.64
LBR,2013,64,64,121,30,151,0.1986754966887417,0.613
LBR,2014,180,180,532,97,629,0.1542130365659777,0.61
LBR,2015,200,200,370,125,495,0.2525252525252525,0.609
LBR,2016,222,222,418,159,577,0.2755632582322357,0.616
LBR,2017,189,189,411,123,534,0.2303370786516854,0.617
LBR,2018,179,179,534,39,573,0.0680628272251308,0.619
LBR,2019,148,148,397,27,424,0.0636792452830188,0.621
LBR,2020,112,112,229,19,248,0.0766129032258064,0.634
LBR,2021,72,72,184,18,202,0.0891089108910891,0.612
LBR,2022,9,10,15,3,18,0.1666666666666666,0.614
LBR,2023,13,13,30,4,34,0.1176470588235294,0.623
LBR,2024,121,123,325,70,395,0.1772151898734177,0.613
LKA,2015,1,1,2,0,2,0.0,0.545
LKA,2016,1,1,2,0,2,0.0,0.587
LKA,2018,1,4,44,4,48,0.0833333333333333,0.607
LKA,2019,6,10,66,9,75,0.12,0.558
LKA,2020,10,15,70,15,85,0.1764705882352941,0.578
LKA,2021,7,15,59,18,77,0.2337662337662337,0.57
LKA,2023,7,31,151,31,182,0.1703296703296703,0.574
LKA,2024,1,4,12,6,18,0.3333333333333333,0.664
LSO,2023,40,55,302,73,375,0.1946666666666666,0.675
LSO,2024,47,47,245,40,285,0.1403508771929824,0.658
LTU,2020,11,11,19,14,33,0.4242424242424242,0.807
LTU,2021,183,183,301,205,506,0.4051383399209486,0.799
LTU,2022,169,169,585,239,824,0.2900485436893203,0.799
LTU,2023,134,134,396,207,603,0.3432835820895522,0.788
LTU,2024,132,143,455,223,678,0.3289085545722713,0.799
LUX,2018,2,35,317,80,397,0.2015113350125944,0.876
LUX,2019,3,61,707,170,877,0.193842645381984,0.876
LUX,2020,9,38,275,16,291,0.0549828178694158,0.876
LUX,2021,1,2,2,2,4,0.5,0.876
LUX,2022,19,355,2273,499,2772,0.18001443001443,0.876
LUX,2023,20,258,1431,249,1680,0.1482142857142857,0.874
LUX,2024,48,570,3837,824,4661,0.1767860974039905,0.867
LVA,2015,1,1,8,5,13,0.3846153846153846,0.842
LVA,2016,86,86,576,59,635,0.0929133858267716,0.841
LVA,2017,43,43,191,11,202,0.0544554455445544,0.835
LVA,2018,58,60,305,56,361,0.1551246537396121,0.834
LVA,2019,43,48,188,26,214,0.1214953271028037,0.835
LVA,2020,229,419,1498,326,1824,0.1787280701754386,0.827
LVA,2021,260,333,1050,214,1264,0.1693037974683544,0.832
LVA,2022,289,309,1441,517,1958,0.2640449438202247,0.83
LVA,2023,326,455,2214,865,3079,0.2809353686261773,0.847
LVA,2024,406,602,2807,1177,3984,0.2954317269076305,0.838
MAR,2020,501,519,1336,160,1496,0.106951871657754,0.256
MAR,2021,358,369,867,95,962,0.0987525987525987,0.262
MAR,2022,432,449,1290,157,1447,0.1085003455425017,0.262
MAR,2023,392,401,1114,147,1261,0.1165741475019825,0.262
MAR,2024,273,278,714,100,814,0.1228501228501228,0.263
MDA,2014,6,62,428,47,475,0.0989473684210526,0.617
MDA,2015,68,653,2748,459,3207,0.1431244153414406,0.566
MDA,2016,100,1336,6375,1087,7462,0.1456714017689627,0.525
MDA,2017,113,1625,7820,1597,9417,0.1695869172772645,0.505
MDA,2018,125,1658,7685,1538,9223,0.1667570204922476,0.504
MDA,2019,144,1196,5532,1358,6890,0.1970972423802612,0.58
MDA,2020,470,4422,18095,2934,21029,0.1395216130106044,0.651
MDA,2021,472,2674,9734,2257,11991,0.1882245017096155,0.755
MDA,2022,619,6276,27706,9523,37229,0.2557952134089016,0.763
MDA,2023,279,2841,13291,4172,17463,0.2389051136688999,0.709
MDA,2024,437,3535,17447,5326,22773,0.2338734466253897,0.632
MDG,2021,4,6,42,10,52,0.1923076923076923,0.494
MDG,2022,102,149,1211,238,1449,0.1642512077294686,0.497
MDG,2023,76,102,743,151,894,0.168903803131991,0.479
MDG,2024,133,139,730,246,976,0.2520491803278688,0.417
MDV,2009,240,242,1225,121,1346,0.0898959881129271,0.603
MDV,2010,358,360,1851,231,2082,0.1109510086455331,0.596
MDV,2011,549,996,5318,863,6181,0.1396214204821226,0.597
MDV,2012,662,1100,5539,836,6375,0.1311372549019608,0.537
MDV,2013,518,845,3385,627,4012,0.1562811565304087,0.45
MDV,2014,537,884,3746,762,4508,0.1690328305235137,0.402
MDV,2015,368,631,2813,654,3467,0.1886357081049899,0.374
MDV,2016,311,555,2980,644,3624,0.1777041942604856,0.362
MDV,2017,356,625,3552,682,4234,0.161076995748701,0.354
MDV,2018,420,489,2876,601,3477,0.1728501581823411,0.386
MDV,2019,856,1707,9727,1882,11609,0.1621155999655439,0.568
MDV,2020,363,575,2780,446,3226,0.1382517048977061,0.573
MDV,2021,560,1238,5860,959,6819,0.1406364569584983,0.577
MDV,2022,625,1460,7390,1503,8893,0.1690093331834026,0.58
MDV,2023,652,1280,5719,1125,6844,0.1643775569842197,0.591
MDV,2024,1074,2301,9835,2273,12108,0.1877271225635943,0.564
MEX,2015,3,5,29,4,33,0.1212121212121212,0.639
MEX,2016,1,3,27,6,33,0.1818181818181818,0.64
MEX,2017,164,481,2929,563,3492,0.161225658648339,0.635
MEX,2018,181,327,2116,384,2500,0.1536,0.675
MEX,2019,974,1712,9599,2084,11683,0.1783788410510998,0.685
MEX,2020,282,663,3481,706,4187,0.1686171483162168,0.663
MEX,2021,668,2701,13220,2701,15921,0.1696501476037937,0.618
MEX,2022,707,3202,17760,4284,22044,0.1943385955362003,0.586
MEX,2023,514,3010,16925,5636,22561,0.2498116218252737,0.549
MEX,2024,469,2142,11319,4923,16242,0.3031030661248615,0.505
MKD,2019,1,1,4,0,4,0.0,0.606
MKD,2020,125,146,487,118,605,0.1950413223140495,0.601
MKD,2021,200,328,1257,296,1553,0.1905988409529942,0.587
MKD,2022,260,389,1998,545,2543,0.2143138025953598,0.562
MKD,2023,245,375,1964,577,2541,0.2270759543486816,0.568
MKD,2024,238,312,1204,306,1510,0.2026490066225165,0.563
MNE,2012,1,1,1,2,3,0.6666666666666666,0.502
MNE,2013,1,2,6,4,10,0.4,0.476
MNE,2014,5,11,66,12,78,0.1538461538461538,0.466
MNE,2015,6,8,31,10,41,0.2439024390243902,0.466
MNE,2016,25,32,189,44,233,0.1888412017167382,0.464
MNE,2017,255,517,3087,811,3898,0.2080554130323242,0.454
MNE,2018,447,1122,7400,1934,9334,0.2071994857510178,0.463
MNE,2019,259,637,4114,1249,5363,0.2328920380384113,0.461
MNE,2020,38,64,304,164,468,0.3504273504273504,0.479
MNE,2021,453,571,2540,583,3123,0.1866794748639129,0.519
MNE,2022,255,303,1650,403,2053,0.1962981003409644,0.515
MNE,2023,206,258,1782,409,2191,0.1866727521679598,0.587
MNE,2024,428,613,3223,878,4101,0.2140941233845403,0.615
MNG,2015,2,3,1,3,4,0.75,0.681
MNG,2021,152,273,1044,223,1267,0.176006314127861,0.613
MNG,2022,140,285,1263,386,1649,0.2340812613705276,0.573
MNG,2023,153,408,2015,705,2720,0.2591911764705882,0.533
MNG,2024,189,543,2655,861,3516,0.2448805460750853,0.496
MOZ,2024,45,45,252,27,279,0.0967741935483871,0.304
MRT,2019,2,2,3,0,3,0.0,0.404
MRT,2020,69,69,569,32,601,0.0532445923460898,0.392
MRT,2021,199,200,1396,114,1510,0.0754966887417218,0.394
MRT,2022,323,400,2693,309,3002,0.1029313790806129,0.397
MRT,2023,346,348,2299,206,2505,0.0822355289421157,0.366
MRT,2024,72,72,556,74,630,0.1174603174603174,0.333
NER,2021,7,10,71,18,89,0.2022471910112359,0.518
NER,2022,13,15,90,13,103,0.1262135922330097,0.503
NER,2023,1,1,2,0,2,0.0,0.387
NER,2024,8,8,56,3,59,0.0508474576271186,0.24
NGA,2022,78,78,296,56,352,0.1590909090909091,0.492
NGA,2023,195,195,847,183,1030,0.1776699029126213,0.49
NGA,2024,91,91,351,84,435,0.193103448275862,0.502
NLD,2011,5,7,29,1,30,0.0333333333333333,0.874
NLD,2012,57,60,264,43,307,0.1400651465798045,0.871
NLD,2013,52,59,204,56,260,0.2153846153846154,0.876
NLD,2014,29,37,188,20,208,0.0961538461538461,0.88
NLD,2015,41,53,166,32,198,0.1616161616161616,0.88
NLD,2016,21,21,91,15,106,0.1415094339622641,0.88
NLD,2017,25,31,144,16,160,0.1,0.879
NLD,2018,24,24,116,34,150,0.2266666666666666,0.878
NLD,2019,22,87,469,246,715,0.344055944055944,0.861
NLD,2020,27,81,201,70,271,0.2583025830258302,0.857
NLD,2021,108,279,1244,359,1603,0.2239550842170929,0.863
NLD,2022,126,311,1599,586,2185,0.2681922196796338,0.852
NLD,2023,99,276,1131,326,1457,0.2237474262182567,0.843
NLD,2024,29,45,182,98,280,0.35,0.822
NOR,2021,15,21,78,12,90,0.1333333333333333,0.887
NOR,2022,85,112,422,104,526,0.1977186311787072,0.886
NOR,2023,97,141,648,136,784,0.173469387755102,0.884
NOR,2024,104,144,597,156,753,0.2071713147410358,0.884
NPL,2016,6,7,31,1,32,0.03125,0.661
NPL,2017,38,63,443,85,528,0.1609848484848484,0.658
NPL,2018,2,2,3,1,4,0.25,0.632
NPL,2019,2,3,10,0,10,0.0,0.601
NPL,2020,1,1,2,0,2,0.0,0.598
NPL,2024,1,1,7,3,10,0.3,0.669
NZL,2002,1,1,1,1,2,0.5,0.881
NZL,2004,9,9,31,2,33,0.0606060606060606,0.881
NZL,2005,5,5,20,4,24,0.1666666666666666,0.881
NZL,2006,37,37,106,17,123,0.1382113821138211,0.881
NZL,2007,59,59,203,47,250,0.188,0.881
NZL,2008,34,34,96,13,109,0.1192660550458715,0.883
NZL,2009,8,10,49,3,52,0.0576923076923076,0.895
NZL,2010,17,21,90,13,103,0.1262135922330097,0.896
NZL,2011,6,7,18,5,23,0.217391304347826,0.893
NZL,2012,18,19,75,11,86,0.127906976744186,0.893
NZL,2013,23,24,80,15,95,0.1578947368421052,0.887
NZL,2014,17,21,43,11,54,0.2037037037037037,0.886
NZL,2015,33,43,105,42,147,0.2857142857142857,0.887
NZL,2016,6,13,33,4,37,0.1081081081081081,0.887
NZL,2017,13,17,67,21,88,0.2386363636363636,0.884
NZL,2018,6,9,50,6,56,0.1071428571428571,0.888
NZL,2019,11,11,39,21,60,0.35,0.886
NZL,2020,2,2,5,5,10,0.5,0.883
NZL,2021,1,1,0,1,1,1.0,0.874
NZL,2022,4,4,14,12,26,0.4615384615384615,0.878
NZL,2023,2,2,9,4,13,0.3076923076923077,0.878
NZL,2024,4,4,21,2,23,0.0869565217391304,0.863
OMN,2020,6,6,15,2,17,0.1176470588235294,0.173
OMN,2021,183,250,959,258,1217,0.2119967132292522,0.173
OMN,2022,290,482,2710,434,3144,0.1380407124681933,0.17
OMN,2023,507,1025,5556,873,6429,0.1357909472701819,0.17
OMN,2024,315,777,4562,866,5428,0.1595431098010316,0.174
PAK,2023,4,4,8,1,9,0.1111111111111111,0.335
PAK,2024,1,7,74,6,80,0.075,0.313
PAN,2010,185,185,1058,176,1234,0.1426256077795786,0.744
PAN,2011,363,363,1950,436,2386,0.1827326068734283,0.744
PAN,2012,690,690,3476,831,4307,0.1929417227768748,0.744
PAN,2013,633,633,3174,885,4059,0.2180339985218034,0.748
PAN,2014,582,582,2876,1029,3905,0.2635083226632522,0.74
PAN,2015,667,667,3457,1443,4900,0.2944897959183673,0.756
PAN,2016,873,873,4608,1683,6291,0.2675250357653791,0.756
PAN,2017,733,733,4066,1775,5841,0.3038863208354734,0.736
PAN,2018,716,720,3951,1995,5946,0.3355196770938446,0.728
PAN,2019,482,782,4938,2372,7310,0.3244870041039672,0.731
PAN,2020,343,913,4405,2145,6550,0.3274809160305343,0.73
PAN,2021,635,1156,4952,2351,7303,0.3219224976037245,0.738
PAN,2022,986,2026,9025,4981,14006,0.3556333000142796,0.727
PAN,2023,1106,3195,15553,8515,24068,0.3537892637527007,0.725
PAN,2024,774,2875,14889,7762,22651,0.3426780274601563,0.726
PER,2018,979,1298,8725,3111,11836,0.2628421764109496,0.807
PER,2019,1576,2159,13628,5125,18753,0.2732896069962139,0.802
PER,2020,254,480,2733,842,3575,0.2355244755244755,0.819
PER,2021,435,1454,7198,1749,8947,0.1954845199508215,0.77
PER,2022,911,4559,24255,8421,32676,0.2577120822622108,0.745
PER,2023,1511,8865,51004,20053,71057,0.2822100567150316,0.712
PER,2024,2134,12600,69522,29115,98637,0.2951732108640774,0.634
PHL,1950,1,1,4,6,10,0.6,0.342
PHL,2000,1,1,3,0,3,0.0,0.588
PHL,2002,3,4,19,3,22,0.1363636363636363,0.535
PHL,2013,305,546,5703,1969,7672,0.2566475495307612,0.551
PHL,2014,1014,1416,15043,5272,20315,0.2595126753630322,0.55
PHL,2015,788,1031,10022,3687,13709,0.2689474068130425,0.549
PHL,2016,918,1333,13254,5570,18824,0.2958988525286868,0.52
PHL,2017,1010,1683,12382,4946,17328,0.2854339796860572,0.508
PHL,2018,1342,2468,16905,6950,23855,0.2913435338503458,0.482
PHL,2019,1216,2566,17853,7981,25834,0.3089339629945034,0.45
PHL,2020,942,1631,9606,3529,13135,0.2686714883897982,0.425
PHL,2021,802,1004,4722,1300,6022,0.2158751245433411,0.432
PHL,2022,893,1244,8252,2736,10988,0.2489989078995267,0.43
PHL,2023,1515,2141,14466,5208,19674,0.2647148520890515,0.434
PHL,2024,1601,1693,9818,2533,12351,0.2050846085337219,0.435
POL,2001,1,1,2,0,2,0.0,0.878
POL,2018,7,7,27,10,37,0.2702702702702703,0.697
POL,2019,270,281,1875,383,2258,0.1696191319751993,0.681
POL,2020,211,504,2103,228,2331,0.0978120978120978,0.614
POL,2021,390,1760,8537,1368,9905,0.1381120646138314,0.584
POL,2022,497,2432,13970,2702,16672,0.1620681381957773,0.576
POL,2023,345,1512,9352,2009,11361,0.1768330252618607,0.59
POL,2024,390,1264,7223,1897,9120,0.2080043859649122,0.729
PRK,2017,51,544,2917,209,3126,0.0668586052463211,0.084
PRK,2018,103,1287,7255,927,8182,0.1132974822781716,0.084
PRK,2019,63,554,2967,409,3376,0.121149289099526,0.083
PRT,2016,4,4,12,1,13,0.0769230769230769,0.887
PRT,2017,5,5,13,0,13,0.0,0.899
PRT,2021,127,133,559,76,635,0.1196850393700787,0.887
PRT,2022,169,174,903,197,1100,0.179090909090909,0.844
PRT,2023,162,167,966,209,1175,0.1778723404255319,0.851
PRT,2024,115,118,672,136,808,0.1683168316831683,0.831
PRY,2019,174,256,1503,556,2059,0.270033997085964,0.584
PRY,2020,336,544,2474,552,3026,0.1824190350297422,0.582
PRY,2021,82,121,631,173,804,0.2151741293532338,0.582
PRY,2022,231,552,3159,1137,4296,0.2646648044692737,0.582
PRY,2023,40,97,559,181,740,0.2445945945945946,0.575
PSE,2019,115,115,358,37,395,0.0936708860759493,0.273
PSE,2020,3,3,4,0,4,0.0,0.245
PSE,2021,5,5,6,0,6,0.0,0.238
PSE,2022,3,3,4,0,4,0.0,0.235
PSE,2023,11,11,77,11,88,0.125,0.232
PSE,2024,39,39,137,49,186,0.2634408602150537,0.214
QAT,2012,1,1,2,0,2,0.0,0.042
QAT,2013,1,1,1,0,1,0.0,0.042
QAT,2014,51,51,134,17,151,0.1125827814569536,0.042
QAT,2015,127,127,246,32,278,0.1151079136690647,0.041
QAT,2016,92,92,292,45,337,0.1335311572700296,0.04
QAT,2017,544,544,1722,285,2007,0.1420029895366218,0.04
QAT,2018,686,686,2346,382,2728,0.1400293255131964,0.042
QAT,2019,764,764,2860,509,3369,0.1510834075393291,0.04
QAT,2020,586,586,2058,409,2467,0.1657884069720308,0.039
QAT,2021,1024,1024,3139,666,3805,0.1750328515111695,0.088
QAT,2022,1104,1104,4493,908,5401,0.1681170153675245,0.086
QAT,2023,1324,1324,4927,1199,6126,0.1957231472412667,0.086
QAT,2024,1214,1214,4908,1384,6292,0.2199618563254927,0.087
ROU,2012,92,362,1591,123,1714,0.0717619603267211,0.674
ROU,2013,160,1238,6696,713,7409,0.0962343096234309,0.667
ROU,2014,254,2580,14828,1894,16722,0.1132639636407128,0.672
ROU,2015,141,1393,7073,906,7979,0.1135480636671262,0.716
ROU,2016,178,249,1271,183,1454,0.1258596973865199,0.728
ROU,2017,167,167,964,98,1062,0.0922787193973634,0.691
ROU,2018,215,254,1040,328,1368,0.239766081871345,0.689
ROU,2019,216,217,1076,256,1332,0.1921921921921922,0.748
ROU,2020,298,298,1313,106,1419,0.0747004933051444,0.799
ROU,2021,217,230,781,78,859,0.0908032596041909,0.765
ROU,2022,450,465,2502,285,2787,0.1022604951560818,0.689
ROU,2023,314,336,1787,267,2054,0.1299902629016553,0.674
ROU,2024,274,306,1620,310,1930,0.160621761658031,0.629
RUS,1999,8,9,26,1,27,0.037037037037037,0.462
RUS,2000,522,764,4588,230,4818,0.0477376504773765,0.407
RUS,2001,463,714,4105,172,4277,0.0402151040448912,0.38
RUS,2002,423,711,3644,200,3844,0.0520291363163371,0.351
RUS,2003,567,952,4864,342,5206,0.0656934306569343,0.339
RUS,2004,567,723,3563,224,3787,0.0591497227356746,0.326
RUS,2005,478,664,3391,202,3593,0.0562204286111884,0.325
RUS,2006,467,623,3273,166,3439,0.0482698458854318,0.323
RUS,2007,431,769,4239,307,4546,0.0675318961724593,0.316
RUS,2008,605,946,4576,276,4852,0.0568837592745259,0.305
RUS,2009,704,1176,5921,446,6367,0.0700486885503376,0.311
RUS,2010,682,2109,11638,1040,12678,0.0820318662249566,0.309
RUS,2011,601,2138,11443,1387,12830,0.1081060015588464,0.297
RUS,2012,545,1961,10925,942,11867,0.0793797927024521,0.28
RUS,2013,612,2722,14921,1360,16281,0.0835329525213438,0.277
RUS,2014,671,2818,17044,1900,18944,0.1002956081081081,0.269
RUS,2015,653,2529,14729,1701,16430,0.1035301278149726,0.267
RUS,2016,664,2644,15570,1456,17026,0.0855162692352872,0.264
RUS,2017,719,3711,22348,2649,24997,0.1059727167260071,0.263
RUS,2018,713,3834,24077,3022,27099,0.1115170301487139,0.266
RUS,2019,679,4058,24907,2853,27760,0.1027737752161383,0.263
RUS,2020,429,1513,6774,878,7652,0.1147412441191845,0.256
RUS,2021,461,1596,6035,760,6795,0.1118469462840323,0.245
RUS,2022,478,1766,6547,867,7414,0.1169409225789047,0.207
RUS,2023,560,3086,13649,1541,15190,0.1014483212639894,0.19
RUS,2024,596,3787,18777,2313,21090,0.1096728307254623,0.172
RWA,2017,46,46,338,52,390,0.1333333333333333,0.223
RWA,2018,33,35,262,47,309,0.1521035598705501,0.225
RWA,2019,125,127,1243,126,1369,0.0920379839298758,0.228
RWA,2020,38,38,194,16,210,0.0761904761904762,0.225
RWA,2021,91,91,318,36,354,0.1016949152542373,0.226
RWA,2022,165,168,864,152,1016,0.1496062992125984,0.219
RWA,2023,132,132,766,110,876,0.1255707762557077,0.213
RWA,2024,78,81,424,79,503,0.1570576540755467,0.202
SAU,2023,11,11,62,3,65,0.0461538461538461,0.015
SAU,2024,18,18,108,17,125,0.136,0.015
SGP,2007,2,2,4,2,6,0.3333333333333333,0.385
SGP,2008,4,5,16,5,21,0.238095238095238,0.391
SGP,2009,18,18,84,7,91,0.0769230769230769,0.39
SGP,2010,5,5,13,1,14,0.0714285714285714,0.39
SGP,2011,46,46,189,24,213,0.1126760563380281,0.404
SGP,2012,94,126,499,68,567,0.1199294532627865,0.42
SGP,2013,87,152,533,65,598,0.108695652173913,0.416
SGP,2014,71,126,435,40,475,0.0842105263157894,0.416
SGP,2015,111,178,698,89,787,0.1130876747141041,0.415
SGP,2016,123,251,911,126,1037,0.1215043394406943,0.427
SGP,2017,104,240,1068,164,1232,0.1331168831168831,0.422
SGP,2018,145,274,1284,209,1493,0.1399866041527126,0.411
SGP,2019,162,333,1465,290,1755,0.1652421652421652,0.405
SGP,2020,52,115,423,82,505,0.1623762376237623,0.4
SGP,2021,73,307,832,171,1003,0.1704885343968095,0.395
SGP,2022,107,434,1753,420,2173,0.1932811780947998,0.395
SGP,2023,107,427,2031,459,2490,0.1843373493975903,0.403
SGP,2024,75,266,1232,295,1527,0.1931892599869024,0.414
SLE,2022,24,74,603,89,692,0.1286127167630057,0.564
SLE,2023,79,276,1932,402,2334,0.1722365038560411,0.493
SLE,2024,93,361,2208,507,2715,0.1867403314917127,0.44
SLV,2019,89,90,523,180,703,0.2560455192034139,0.594
SLV,2020,52,52,250,115,365,0.3150684931506849,0.522
SLV,2021,297,2509,9123,4583,13706,0.3343791040420253,0.409
SLV,2022,508,5404,24255,13290,37545,0.3539752297243308,0.381
SLV,2023,616,6980,33769,20042,53811,0.3724517292003493,0.38
SLV,2024,577,5598,26198,15592,41790,0.3731036133046183,0.339
SOM,2024,177,845,4565,561,5126,0.1094420600858369,0.169
SRB,2004,165,306,1307,57,1364,0.0417888563049853,0.634
SRB,2005,194,374,1923,102,2025,0.0503703703703703,0.634
SRB,2006,201,391,1896,118,2014,0.0585898709036742,0.637
SRB,2007,144,277,1372,136,1508,0.0901856763925729,0.632
SRB,2008,127,235,685,57,742,0.0768194070080862,0.637
SRB,2009,174,309,1252,143,1395,0.1025089605734767,0.634
SRB,2010,181,318,1218,106,1324,0.080060422960725,0.612
SRB,2011,171,297,1009,122,1131,0.1078691423519009,0.613
SRB,2012,240,422,1461,127,1588,0.0799748110831234,0.595
SRB,2013,437,763,2956,329,3285,0.100152207001522,0.504
SRB,2014,381,721,2840,270,3110,0.0868167202572347,0.446
SRB,2015,551,1045,3872,513,4385,0.1169897377423033,0.433
SRB,2016,526,1055,3917,545,4462,0.1221425369789332,0.415
SRB,2017,475,931,3431,546,3977,0.1372894141312547,0.378
SRB,2018,484,998,4249,882,5131,0.1718963165075034,0.361
SRB,2019,359,791,4596,1074,5670,0.1894179894179894,0.363
SRB,2020,239,443,2523,481,3004,0.1601198402130492,0.351
SRB,2021,461,1309,7238,1371,8609,0.1592519456382855,0.337
SRB,2022,444,1737,8964,1945,10909,0.178293152442937,0.359
SRB,2023,434,1554,8726,2195,10921,0.2009889204285322,0.36
SRB,2024,173,679,3845,1118,4963,0.2252669756195849,0.315
SUR,2020,69,69,373,116,489,0.2372188139059304,0.76
SUR,2021,488,797,4017,812,4829,0.1681507558500724,0.764
SUR,2022,1441,3069,18132,3562,21694,0.1641928643864663,0.78
SUR,2023,1613,4069,25127,7189,32316,0.2224594628048025,0.768
SUR,2024,1503,3935,23882,6953,30835,0.2254905140262688,0.768
SVK,1970,2,2,7,3,10,0.3,
SVK,2009,15,15,59,7,66,0.106060606060606,0.839
SVK,2010,89,89,339,71,410,0.173170731707317,0.852
SVK,2011,49,49,376,35,411,0.0851581508515815,0.855
SVK,2012,230,230,855,152,1007,0.1509433962264151,0.848
SVK,2013,533,533,2272,320,2592,0.1234567901234567,0.837
SVK,2014,524,524,2965,480,3445,0.13933236574746,0.839
SVK,2015,409,409,2519,384,2903,0.132276954874268,0.844
SVK,2016,354,354,2145,424,2569,0.1650447644998053,0.844
SVK,2017,182,182,913,165,1078,0.1530612244897959,0.84
SVK,2018,53,53,270,49,319,0.1536050156739812,0.821
SVK,2019,9,9,51,7,58,0.1206896551724138,0.844
SVK,2020,16,16,63,8,71,0.1126760563380281,0.843
SVK,2021,19,19,72,17,89,0.1910112359550561,0.844
SVK,2022,10,10,31,9,40,0.225,0.841
SVK,2023,11,11,41,8,49,0.1632653061224489,0.817
SVK,2024,51,208,1135,194,1329,0.145974416854778,0.752
SVN,2019,256,272,1594,403,1997,0.2018027040560841,0.812
SVN,2020,550,564,1983,347,2330,0.1489270386266094,0.754
SVN,2021,938,1039,3683,713,4396,0.1621929026387625,0.716
SVN,2022,679,731,3405,1032,4437,0.2325895875591616,0.812
SVN,2023,685,755,3817,1422,5239,0.2714258446268371,0.757
SVN,2024,631,719,3274,1251,4525,0.2764640883977901,0.716
SWE,2014,1,1,4,1,5,0.2,0.916
SWE,2015,4,12,46,9,55,0.1636363636363636,0.916
SWE,2016,3,6,19,5,24,0.2083333333333333,0.917
SWE,2017,6,6,36,9,45,0.2,0.917
SWE,2018,7,12,66,33,99,0.3333333333333333,0.91
SWE,2019,2,2,4,3,7,0.4285714285714285,0.902
SWE,2020,1,1,2,6,8,0.75,0.902
SWE,2021,1,1,1,1,2,0.5,0.903
SWE,2022,1,1,3,0,3,0.0,0.896
SWE,2023,12,14,71,20,91,0.2197802197802197,0.881
SWE,2024,28,37,203,35,238,0.1470588235294117,0.881
SYC,2010,103,103,357,44,401,0.1097256857855361,0.477
SYC,2011,128,128,568,74,642,0.1152647975077881,0.478
SYC,2012,187,187,850,99,949,0.1043203371970495,0.475
SYC,2013,185,185,572,114,686,0.1661807580174927,0.49
SYC,2014,160,160,658,84,742,0.1132075471698113,0.494
SYC,2015,172,172,734,127,861,0.1475029036004645,0.515
SYC,2016,156,156,637,138,775,0.1780645161290322,0.584
SYC,2017,325,325,1180,290,1470,0.1972789115646258,0.596
SYC,2018,270,270,1359,241,1600,0.150625,0.602
SYC,2019,303,303,1616,342,1958,0.1746680286006128,0.614
SYC,2020,193,193,1224,196,1420,0.1380281690140845,0.667
SYC,2021,223,223,925,145,1070,0.1355140186915887,0.709
SYC,2022,214,214,1280,197,1477,0.1333784698713608,0.752
SYC,2023,153,153,711,127,838,0.1515513126491647,0.738
SYC,2024,169,169,967,228,1195,0.1907949790794979,0.741
SYR,2013,2,2,2,0,2,0.0,0.137
SYR,2014,1,1,9,1,10,0.1,0.138
SYR,2015,53,53,297,26,323,0.0804953560371517,0.137
SYR,2016,50,71,416,26,442,0.0588235294117647,0.137
SYR,2017,45,71,414,13,427,0.0304449648711943,0.138
SYR,2018,1102,2413,14519,2194,16713,0.1312750553461377,0.137
SYR,2019,2074,4410,24737,4017,28754,0.1397023022883772,0.137
SYR,2020,2109,4115,20549,3020,23569,0.1281344138486995,0.139
SYR,2021,2428,4473,24263,3501,27764,0.1260985448782596,0.137
SYR,2022,2836,4368,21836,2905,24741,0.1174164342589224,0.137
SYR,2023,2194,3773,19542,2779,22321,0.1245015904305362,0.146
SYR,2024,2124,3070,15908,2186,18094,0.1208135293467447,0.145
TGO,2024,8,12,144,13,157,0.0828025477707006,0.355
TJK,2005,1,1,1,0,1,0.0,0.233
TJK,2006,1,1,1,0,1,0.0,0.23
TJK,2007,3,3,3,0,3,0.0,0.231
TJK,2008,3,3,7,0,7,0.0,0.233
TJK,2009,3,3,4,0,4,0.0,0.233
TJK,2010,4,4,8,0,8,0.0,0.227
TJK,2011,4,4,4,0,4,0.0,0.226
TJK,2012,266,925,6600,694,7294,0.0951466959144502,0.226
TJK,2013,338,2890,22682,2507,25189,0.0995275715590138,0.208
TJK,2014,251,2593,18534,2079,20613,0.1008586814146412,0.204
TJK,2015,247,3147,22717,2888,25605,0.1127904706112087,0.185
TJK,2016,270,3405,25662,4179,29841,0.1400422237860661,0.174
TJK,2017,198,2435,16281,2056,18337,0.1121230299394666,0.169
TJK,2018,190,2699,19071,2218,21289,0.1041852599934238,0.166
TJK,2019,225,3652,24273,3853,28126,0.1369906847756524,0.166
TJK,2020,109,2620,17025,2688,19713,0.136356718916451,0.173
TJK,2021,186,4524,29535,6022,35557,0.1693618696740444,0.173
TJK,2022,376,7374,52797,8538,61335,0.1392027390560039,0.167
TJK,2023,478,8130,52858,8737,61595,0.1418459290526828,0.166
TJK,2024,494,8823,58700,10613,69313,0.1531170198952577,0.174
TKM,2016,44,44,285,32,317,0.1009463722397476,0.144
TKM,2017,696,696,4222,683,4905,0.1392456676860346,0.147
TKM,2018,876,876,6288,900,7188,0.1252086811352253,0.149
TKM,2019,1056,1056,7642,1220,8862,0.1376664409839765,0.149
TKM,2020,924,924,4895,585,5480,0.1067518248175182,0.15
TKM,2021,768,768,4372,471,4843,0.0972537683254181,0.149
TKM,2022,850,850,5057,625,5682,0.1099964801126364,0.147
TKM,2023,264,264,1180,171,1351,0.1265729089563286,0.149
TKM,2024,225,225,913,117,1030,0.1135922330097087,0.149
TLS,2010,216,231,1224,146,1370,0.1065693430656934,0.636
TLS,2011,203,205,1096,185,1281,0.1444184231069477,0.636
TLS,2012,102,103,606,61,667,0.0914542728635682,0.656
TLS,2013,198,221,1285,148,1433,0.1032798325191905,0.655
TLS,2014,123,152,832,94,926,0.101511879049676,0.639
TLS,2015,134,192,975,128,1103,0.1160471441523118,0.644
TLS,2016,96,166,1058,165,1223,0.1349141455437449,0.626
TLS,2017,99,141,931,187,1118,0.167262969588551,0.662
TLS,2018,72,95,561,78,639,0.1220657276995305,0.688
TLS,2019,120,130,829,111,940,0.1180851063829787,0.699
TLS,2020,102,109,667,79,746,0.1058981233243967,0.677
TLS,2021,140,149,871,95,966,0.098343685300207,0.69
TLS,2022,73,100,519,69,588,0.1173469387755102,0.705
TLS,2023,203,460,2513,454,2967,0.1530165149983147,0.712
TLS,2024,349,1142,6327,1196,7523,0.1589791306659577,0.733
TTO,2015,13,14,34,7,41,0.1707317073170731,0.764
TTO,2016,33,332,1230,325,1555,0.2090032154340836,0.754
TTO,2017,39,144,765,170,935,0.1818181818181818,0.75
TTO,2018,17,66,374,62,436,0.1422018348623853,0.744
TTO,2019,33,91,350,78,428,0.1822429906542056,0.75
TTO,2020,95,223,602,85,687,0.12372634643377,0.753
TTO,2021,111,222,579,93,672,0.1383928571428571,0.77
TTO,2022,134,239,837,128,965,0.1326424870466321,0.755
TTO,2023,134,195,649,140,789,0.1774397972116603,0.755
TTO,2024,133,292,1336,291,1627,0.1788567916410571,0.755
TUR,2014,210,1671,11257,1630,12887,0.1264840536975246,0.429
TUR,2015,762,8903,60834,10766,71600,0.1503631284916201,0.387
TUR,2016,898,10966,75564,12059,87623,0.1376236832795042,0.305
TUR,2017,907,14866,96328,16425,112753,0.1456723989605598,0.29
TUR,2018,852,18752,122277,19058,141335,0.1348427494958786,0.297
TUR,2019,768,18260,124849,19033,143882,0.1322820088683782,0.293
TUR,2020,476,5075,31047,3282,34329,0.0956042995717906,0.291
TUR,2021,691,7049,44314,6558,50872,0.128911778581538,0.285
TUR,2022,770,10710,68210,11721,79931,0.1466389761169008,0.286
TUR,2023,614,8803,56279,9392,65671,0.1430159431103531,0.285
TUR,2024,440,6201,39976,6756,46732,0.1445690319267311,0.288
TWN,2007,18,18,64,10,74,0.1351351351351351,0.777
TWN,2008,132,132,520,68,588,0.1156462585034013,0.796
TWN,2009,48,48,203,33,236,0.1398305084745762,0.796
TWN,2010,35,35,200,15,215,0.0697674418604651,0.804
TWN,2011,260,267,1344,187,1531,0.1221423905943827,0.804
TWN,2012,222,224,1074,135,1209,0.1116625310173697,0.806
TWN,2013,238,242,1332,120,1452,0.0826446280991735,0.802
TWN,2014,210,210,1160,131,1291,0.1014717273431448,0.804
TWN,2015,227,227,1108,142,1250,0.1136,0.804
TWN,2016,204,430,2102,552,2654,0.2079879427279578,0.838
TWN,2017,224,945,5071,1471,6542,0.2248547844695811,0.843
TWN,2018,254,1113,6651,1746,8397,0.2079314040728831,0.844
TWN,2019,276,1197,7338,1911,9249,0.2066169315601686,0.835
TWN,2020,104,429,1970,561,2531,0.2216515211378901,0.824
TWN,2021,88,301,1293,391,1684,0.2321852731591449,0.824
TWN,2022,207,848,4977,1160,6137,0.1890174352289392,0.827
TWN,2023,258,1124,7120,2041,9161,0.2227922715860714,0.823
TWN,2024,219,885,5504,1187,6691,0.1774024809445523,0.8
TZA,2013,1,1,2,0,2,0.0,0.477
TZA,2015,1,1,6,1,7,0.1428571428571428,0.457
TZA,2016,57,67,342,41,383,0.1070496083550913,0.411
TZA,2017,47,91,463,74,537,0.1378026070763501,0.401
TZA,2018,76,152,782,144,926,0.1555075593952483,0.39
TZA,2019,100,228,1426,272,1698,0.160188457008245,0.385
TZA,2020,57,127,665,118,783,0.1507024265644955,0.386
TZA,2021,156,555,3325,732,4057,0.1804288883411387,0.365
TZA,2022,206,368,2008,584,2592,0.2253086419753086,0.39
TZA,2023,202,317,1906,580,2486,0.2333065164923572,0.419
TZA,2024,285,480,4127,805,4932,0.1632197891321979,0.415
UGA,2021,51,99,786,157,943,0.1664899257688229,0.287
UGA,2022,147,378,2780,685,3465,0.1976911976911977,0.279
UGA,2023,88,203,1534,391,1925,0.2031168831168831,0.275
UGA,2024,149,330,2196,493,2689,0.1833395314243213,0.272
UKR,2012,15,16,33,1,34,0.0294117647058823,0.483
UKR,2013,211,286,1174,105,1279,0.0820953870211102,0.464
UKR,2014,286,295,1448,110,1558,0.0706033376123234,0.417
UKR,2015,173,179,770,127,897,0.1415830546265329,0.421
UKR,2016,189,193,818,135,953,0.1416579223504722,0.434
UKR,2017,124,124,594,114,708,0.1610169491525423,0.431
UKR,2018,105,107,613,95,708,0.134180790960452,0.433
UKR,2019,411,1087,6562,1115,7677,0.1452390256610655,0.525
UKR,2020,501,1569,8682,1509,10191,0.1480718280836031,0.546
UKR,2021,471,2471,12444,2854,15298,0.1865603346842724,0.539
UKR,2022,1474,6796,28276,4449,32725,0.1359511077158136,0.389
UKR,2023,1833,8901,45437,8877,54314,0.1634385241374231,0.387
UKR,2024,1782,8993,43605,10524,54129,0.1944244305270742,0.389
URY,2000,3,3,8,1,9,0.1111111111111111,0.874
URY,2010,25,100,507,60,567,0.1058201058201058,0.912
URY,2011,895,1083,3860,717,4577,0.1566528293642123,0.912
URY,2012,2075,2136,7161,1379,8540,0.1614754098360655,0.912
URY,2013,2665,2708,9554,1982,11536,0.1718099861303745,0.912
URY,2014,1775,1849,7787,1856,9643,0.1924712226485533,0.911
URY,2015,2647,3132,13005,3241,16246,0.1994952603717838,0.897
URY,2016,2678,3487,15412,4141,19553,0.2117833580524727,0.897
URY,2017,2718,3089,12929,3533,16462,0.2146154780707083,0.889
URY,2018,2218,2437,10562,2677,13239,0.2022056046529194,0.9
URY,2019,1828,2283,10698,2830,13528,0.2091957421643997,0.898
URY,2020,968,1039,4991,1014,6005,0.1688592839300582,0.87
URY,2021,1118,1170,5272,1241,6513,0.1905419929372025,0.857
URY,2022,1268,1300,6849,1793,8642,0.2074751214996528,0.819
URY,2023,1341,1387,7725,2044,9769,0.2092332889753301,0.834
URY,2024,1166,1260,7102,2180,9282,0.2348631760396466,0.848
USA,2001,111,134,667,52,719,0.0723226703755215,0.821
USA,2002,385,558,2492,281,2773,0.1013342949873783,0.826
USA,2003,310,534,2505,274,2779,0.0985966174883051,0.859
USA,2004,313,614,2825,337,3162,0.1065781151170145,0.862
USA,2005,437,935,4325,529,4854,0.1089822826534816,0.861
USA,2006,513,937,4383,522,4905,0.1064220183486238,0.867
USA,2007,430,880,3950,513,4463,0.1149451041900067,0.897
USA,2008,466,980,4223,614,4837,0.1269381848253049,0.898
USA,2009,153,195,492,224,716,0.3128491620111732,0.902
USA,2010,185,283,1884,511,2395,0.2133611691022964,0.902
USA,2011,513,712,4469,1235,5704,0.2165147265077139,0.9
USA,2012,320,414,2594,746,3340,0.2233532934131736,0.899
USA,2013,322,454,2949,812,3761,0.2159000265886732,0.902
USA,2014,382,584,3416,947,4363,0.2170524868209947,0.9
USA,2015,305,1004,5407,1783,7190,0.2479833101529902,0.9
USA,2016,165,451,2218,690,2908,0.2372764786795048,0.887
USA,2017,96,270,1467,457,1924,0.2375259875259875,0.827
USA,2018,89,778,3424,1030,4454,0.2312528064660979,0.823
USA,2019,23,47,174,25,199,0.1256281407035175,0.812
USA,2020,70,112,492,126,618,0.203883495145631,0.807
USA,2021,8,9,32,14,46,0.3043478260869565,0.821
USA,2022,8,8,31,13,44,0.2954545454545454,0.829
USA,2023,7,8,54,7,61,0.1147540983606557,0.843
USA,2024,1,1,13,0,13,0.0,0.84
UZB,2016,5,9,83,20,103,0.1941747572815534,0.169
UZB,2017,201,225,931,92,1023,0.0899315738025415,0.19
UZB,2018,344,746,4663,792,5455,0.1451879010082493,0.188
UZB,2019,405,1356,8022,1551,9573,0.1620181761203384,0.202
UZB,2020,367,1555,6760,481,7241,0.0664272890484739,0.205
UZB,2021,535,3746,19779,2238,22017,0.1016487259844665,0.205
UZB,2022,685,4213,24258,3500,27758,0.1260897759204553,0.212
UZB,2023,952,4180,23153,2953,26106,0.1131157588293878,0.214
UZB,2024,820,3541,20412,2089,22501,0.0928403182080796,0.215
VCT,2014,8,10,32,6,38,0.1578947368421052,
VCT,2015,6,6,18,7,25,0.28,
VCT,2016,12,16,63,7,70,0.1,
VCT,2017,6,8,29,10,39,0.2564102564102564,
VCT,2018,9,19,100,21,121,0.1735537190082644,
VCT,2019,20,42,172,32,204,0.1568627450980392,
VCT,2020,15,27,114,44,158,0.2784810126582278,
VCT,2021,7,10,20,7,27,0.2592592592592592,
VCT,2022,16,42,211,69,280,0.2464285714285714,
VCT,2023,23,39,154,66,220,0.3,
VCT,2024,9,22,80,31,111,0.2792792792792792,
VEN,2018,1,1,6,4,10,0.4,0.215
VEN,2019,21,21,183,30,213,0.1408450704225352,0.208
VEN,2020,17,17,68,15,83,0.180722891566265,0.206
VEN,2021,23,23,92,16,108,0.1481481481481481,0.215
VEN,2022,2,2,9,4,13,0.3076923076923077,0.211
VEN,2023,129,173,916,161,1077,0.149489322191272,0.207
VEN,2024,641,1375,7286,2063,9349,0.2206653117980532,0.197
VNM,2022,9,13,63,5,68,0.0735294117647058,0.153
VNM,2024,1,1,2,0,2,0.0,0.174
WSM,2014,3,18,132,24,156,0.1538461538461538,
WSM,2015,40,136,594,144,738,0.1951219512195122,
WSM,2016,24,58,311,89,400,0.2225,
WSM,2017,8,13,81,18,99,0.1818181818181818,
WSM,2018,9,61,241,90,331,0.2719033232628399,
WSM,2020,9,29,44,15,59,0.2542372881355932,
WSM,2022,148,169,818,297,1115,0.2663677130044843,
WSM,2023,230,232,989,334,1323,0.2524565381708238,
WSM,2024,177,181,878,282,1160,0.243103448275862,
XKX,2022,65,186,1036,462,1498,0.308411214953271,0.672
XKX,2023,173,187,1111,416,1527,0.2724296005239031,0.675
XKX,2024,215,215,988,474,1462,0.3242134062927496,0.651
YEM,2018,1,1,1,0,1,0.0,0.113
YEM,2019,3,6,9,1,10,0.1,0.118
YEM,2021,13,18,61,11,72,0.1527777777777778,0.115
YEM,2022,3,3,7,0,7,0.0,0.124
YEM,2023,3,3,6,1,7,0.1428571428571428,0.128
YEM,2024,3,10,39,10,49,0.2040816326530612,0.127
ZAF,2014,1,1,1,0,1,0.0,0.752
ZAF,2015,5,11,50,6,56,0.1071428571428571,0.755
ZAF,2016,2,2,2,1,3,0.3333333333333333,0.752
ZAF,2018,3,4,18,3,21,0.1428571428571428,0.747
ZAF,2019,2,3,3,0,3,0.0,0.721
ZAF,2020,3,5,19,1,20,0.05,0.723
ZAF,2022,2,2,2,0,2,0.0,0.713
