country,mode_year,missing_year_count,imputed_news_neighbor_count,unmatched_images_count,imputed_by_numeric_nearest_count,imputed_by_mode_year_count,cy_rows_post2000,cy_years_post2000,people_total_post2000,images_people_post2000,has_any_people_post2000,vdem_match_rate_post2000,has_any_vdem_post2000
AGO,2023.0,0,0,0,0,0,3.0,3.0,5701.0,873.0,True,1.0,True
ALB,2020.0,1,1,0,0,0,3.0,3.0,372.0,42.0,True,1.0,True
ALB,2020.0,0,0,0,0,0,3.0,3.0,372.0,42.0,True,1.0,True
AND,2010.0,0,0,0,0,0,16.0,16.0,51281.0,9140.0,True,0.0,False
ARE,2018.0,0,0,0,0,0,1.0,1.0,1.0,1.0,True,1.0,True
ARG,2017.0,0,0,0,0,0,10.0,10.0,77130.0,13058.0,True,1.0,True
ARG,2022.0,0,0,0,0,0,10.0,10.0,77130.0,13058.0,True,1.0,True
ARM,2019.0,0,0,0,0,0,19.0,19.0,193121.0,32601.0,True,1.0,True
ARM,2023.0,0,0,0,0,0,19.0,19.0,193121.0,32601.0,True,1.0,True
AUS,2021.0,173,173,0,0,0,8.0,8.0,1620.0,285.0,True,1.0,True
AUT,2020.0,0,0,0,0,0,7.0,7.0,3332.0,489.0,True,1.0,True
AUT,2022.0,0,0,0,0,0,7.0,7.0,3332.0,489.0,True,1.0,True
AZE,2024.0,0,0,0,0,0,15.0,15.0,43927.0,7612.0,True,1.0,True
AZE,2022.0,0,0,0,0,0,15.0,15.0,43927.0,7612.0,True,1.0,True
BDI,2021.0,0,0,0,0,0,9.0,9.0,14315.0,1750.0,True,1.0,True
BEL,2021.0,0,0,0,0,0,3.0,3.0,12.0,4.0,True,1.0,True
BEL,2020.0,0,0,0,0,0,3.0,3.0,12.0,4.0,True,1.0,True
BEN,2020.0,0,0,0,0,0,6.0,6.0,64945.0,7952.0,True,1.0,True
BFA,2021.0,0,0,0,0,0,4.0,4.0,38598.0,4678.0,True,1.0,True
BFA,2021.0,3,3,0,0,0,4.0,4.0,38598.0,4678.0,True,1.0,True
BGR,2021.0,0,0,0,0,0,14.0,14.0,41538.0,6424.0,True,1.0,True
BGR,2018.0,0,0,0,0,0,14.0,14.0,41538.0,6424.0,True,1.0,True
BHR,2024.0,0,0,0,0,0,16.0,16.0,98555.0,15617.0,True,1.0,True
BHS,2016.0,0,0,0,0,0,10.0,10.0,8926.0,1377.0,True,0.0,False
BIH,2024.0,0,0,0,0,0,10.0,10.0,52237.0,7530.0,True,1.0,True
BIH,2023.0,0,0,0,0,0,10.0,10.0,52237.0,7530.0,True,1.0,True
BLR,2003.0,0,0,0,0,0,15.0,15.0,21154.0,3636.0,True,1.0,True
BLR,2024.0,0,0,0,0,0,15.0,15.0,21154.0,3636.0,True,1.0,True
BLZ,2021.0,0,0,0,0,0,6.0,6.0,5130.0,737.0,True,0.0,False
BOL,2021.0,0,0,0,0,0,12.0,12.0,48788.0,7084.0,True,1.0,True
BRA,2016.0,0,0,0,0,0,7.0,7.0,2495.0,415.0,True,1.0,True
BRN,2016.0,0,0,0,0,0,10.0,10.0,443.0,103.0,True,0.0,False
BTN,2021.0,0,0,0,0,0,17.0,17.0,9035.0,1449.0,True,1.0,True
CAN,2020.0,0,0,0,0,0,8.0,8.0,2337.0,396.0,True,1.0,True
CAN,2018.0,0,0,0,0,0,8.0,8.0,2337.0,396.0,True,1.0,True
CHE,2014.0,0,0,0,0,0,13.0,13.0,2839.0,532.0,True,1.0,True
CHL,2023.0,0,0,0,0,0,9.0,9.0,10267.0,1587.0,True,1.0,True
CHL,2019.0,7,7,0,0,0,9.0,9.0,10267.0,1587.0,True,1.0,True
CHN,2015.0,0,0,0,0,0,9.0,9.0,255.0,40.0,True,1.0,True
CHN,2016.0,0,0,0,0,0,9.0,9.0,255.0,40.0,True,1.0,True
CIV,2013.0,1,1,0,0,0,18.0,18.0,8295.0,1252.0,True,1.0,True
COD,2024.0,0,0,0,0,0,6.0,6.0,45275.0,5543.0,True,1.0,True
COD,2024.0,0,0,0,0,0,6.0,6.0,45275.0,5543.0,True,1.0,True
COL,2014.0,15,15,0,0,0,14.0,14.0,144797.0,17635.0,True,1.0,True
COM,2017.0,0,0,0,0,0,8.0,8.0,2592.0,393.0,True,1.0,True
CPV,2023.0,0,0,0,0,0,7.0,7.0,24370.0,3719.0,True,1.0,True
CRI,2019.0,218,218,0,0,0,,,,,,,
CUB,2022.0,0,0,0,0,0,8.0,8.0,68321.0,10344.0,True,1.0,True
CUB,2021.0,0,0,0,0,0,8.0,8.0,68321.0,10344.0,True,1.0,True
CYP,2022.0,1,1,0,0,0,7.0,7.0,6176.0,1236.0,True,1.0,True
CYP,2023.0,0,0,0,0,0,7.0,7.0,6176.0,1236.0,True,1.0,True
CZE,2024.0,0,0,0,0,0,16.0,16.0,10588.0,2050.0,True,1.0,True
CZE,2009.0,11,11,0,0,0,16.0,16.0,10588.0,2050.0,True,1.0,True
DEU,2022.0,0,0,0,0,0,4.0,4.0,3263.0,557.0,True,1.0,True
DJI,2023.0,0,0,0,0,0,2.0,2.0,945.0,129.0,True,1.0,True
DNK,2013.0,0,0,0,0,0,7.0,7.0,543.0,84.0,True,1.0,True
DNK,2018.0,0,0,0,0,0,7.0,7.0,543.0,84.0,True,1.0,True
DOM,2023.0,0,0,0,0,0,5.0,5.0,134947.0,16200.0,True,1.0,True
DOM,2024.0,0,0,0,0,0,5.0,5.0,134947.0,16200.0,True,1.0,True
DZA,2019.0,0,0,0,0,0,8.0,8.0,5120.0,1075.0,True,1.0,True
DZA,2024.0,0,0,0,0,0,8.0,8.0,5120.0,1075.0,True,1.0,True
ECU,2014.0,0,0,0,0,0,13.0,13.0,35834.0,4702.0,True,1.0,True
ECU,2021.0,0,0,0,0,0,13.0,13.0,35834.0,4702.0,True,1.0,True
EGY,2021.0,0,0,0,0,0,11.0,11.0,51025.0,8776.0,True,1.0,True
ERI,2016.0,0,0,0,0,0,,,,,,,
ESP,2011.0,74,74,0,0,0,14.0,14.0,34009.0,4489.0,True,1.0,True
ESP,2017.0,45,45,0,0,0,14.0,14.0,34009.0,4489.0,True,1.0,True
EST,2020.0,3,3,0,0,0,14.0,14.0,6925.0,1121.0,True,1.0,True
EST,2010.0,0,0,0,0,0,14.0,14.0,6925.0,1121.0,True,1.0,True
FIN,2021.0,0,0,0,0,0,6.0,6.0,8564.0,2423.0,True,1.0,True
FJI,2013.0,128,128,0,0,0,13.0,13.0,121029.0,17655.0,True,1.0,True
FRA,2018.0,0,0,0,0,0,10.0,10.0,1839.0,483.0,True,1.0,True
FRA,2020.0,9,9,0,0,0,10.0,10.0,1839.0,483.0,True,1.0,True
GAB,2023.0,0,0,0,0,0,5.0,5.0,1423.0,218.0,True,1.0,True
GBR,2011.0,7,7,0,0,0,19.0,19.0,43603.0,9270.0,True,1.0,True
GEO,2016.0,1431,1431,0,0,0,12.0,12.0,65697.0,10396.0,True,1.0,True
GEO,2016.0,40,40,0,0,0,12.0,12.0,65697.0,10396.0,True,1.0,True
GEO,2022.0,0,0,0,0,0,12.0,12.0,65697.0,10396.0,True,1.0,True
GHA,2018.0,1,1,0,0,0,9.0,9.0,3731.0,521.0,True,1.0,True
GMB,2022.0,0,0,0,0,0,4.0,4.0,2102.0,348.0,True,1.0,True
GNQ,2019.0,0,0,0,0,0,6.0,6.0,117073.0,17192.0,True,1.0,True
GNQ,2020.0,10,10,0,0,0,6.0,6.0,117073.0,17192.0,True,1.0,True
GRC,2022.0,0,0,0,0,0,15.0,15.0,8014.0,2478.0,True,1.0,True
GRC,2013.0,0,0,0,0,0,15.0,15.0,8014.0,2478.0,True,1.0,True
GRC,2022.0,0,0,0,0,0,15.0,15.0,8014.0,2478.0,True,1.0,True
GTM,2022.0,0,0,0,0,0,7.0,7.0,97718.0,14889.0,True,1.0,True
GUY,2023.0,0,0,0,0,0,8.0,8.0,1052.0,223.0,True,1.0,True
HRV,2010.0,18,18,0,0,0,20.0,20.0,22375.0,3663.0,True,1.0,True
HRV,2015.0,0,0,0,0,0,20.0,20.0,22375.0,3663.0,True,1.0,True
HUN,2022.0,16,16,0,0,0,14.0,14.0,37665.0,7148.0,True,1.0,True
HUN,2013.0,1,1,0,0,0,14.0,14.0,37665.0,7148.0,True,1.0,True
HUN,2017.0,0,0,0,0,0,14.0,14.0,37665.0,7148.0,True,1.0,True
IDN,2021.0,0,0,0,0,0,11.0,11.0,90888.0,12191.0,True,1.0,True
IDN,2023.0,0,0,0,0,0,11.0,11.0,90888.0,12191.0,True,1.0,True
IND,2023.0,0,0,0,0,0,14.0,14.0,49126.0,6852.0,True,1.0,True
IND,2024.0,0,0,0,0,0,14.0,14.0,49126.0,6852.0,True,1.0,True
IRL,2023.0,1,1,0,0,0,1.0,1.0,12.0,5.0,True,1.0,True
IRL,2024.0,1,1,0,0,0,1.0,1.0,12.0,5.0,True,1.0,True
IRN,2022.0,21,21,0,0,0,12.0,12.0,449115.0,63616.0,True,1.0,True
IRN,2022.0,0,0,0,0,0,12.0,12.0,449115.0,63616.0,True,1.0,True
IRQ,2020.0,0,0,0,0,0,6.0,6.0,33268.0,5968.0,True,1.0,True
ISL,2020.0,0,0,0,0,0,7.0,7.0,2691.0,439.0,True,1.0,True
ISR,2022.0,1,1,0,0,0,21.0,21.0,5757.0,1235.0,True,1.0,True
ITA,2023.0,0,0,0,0,0,11.0,11.0,3491.0,718.0,True,1.0,True
ITA,2020.0,0,0,0,0,0,11.0,11.0,3491.0,718.0,True,1.0,True
JAM,2017.0,0,0,0,0,0,9.0,9.0,4586.0,797.0,True,1.0,True
JAM,2018.0,0,0,0,0,0,9.0,9.0,4586.0,797.0,True,1.0,True
JOR,2023.0,15,15,0,0,0,4.0,4.0,683.0,126.0,True,1.0,True
JPN,2007.0,0,0,0,0,0,15.0,15.0,87348.0,10089.0,True,1.0,True
JPN,2024.0,32,32,0,0,0,15.0,15.0,87348.0,10089.0,True,1.0,True
JPN,2014.0,0,0,0,0,0,15.0,15.0,87348.0,10089.0,True,1.0,True
JPN,2023.0,0,0,0,0,0,15.0,15.0,87348.0,10089.0,True,1.0,True
KAZ,2017.0,0,0,0,0,0,13.0,13.0,51172.0,5693.0,True,1.0,True
KAZ,2022.0,0,0,0,0,0,13.0,13.0,51172.0,5693.0,True,1.0,True
KEN,2023.0,23,23,0,0,0,3.0,3.0,1765.0,158.0,True,1.0,True
KEN,2023.0,0,0,0,0,0,3.0,3.0,1765.0,158.0,True,1.0,True
KGZ,2021.0,0,0,0,0,0,7.0,7.0,315370.0,45941.0,True,1.0,True
KGZ,2021.0,0,0,0,0,0,7.0,7.0,315370.0,45941.0,True,1.0,True
KHM,2024.0,0,0,0,0,0,9.0,9.0,376933.0,39311.0,True,1.0,True
KHM,2022.0,0,0,0,0,0,9.0,9.0,376933.0,39311.0,True,1.0,True
KNA,2023.0,0,0,0,0,0,,,,,,,
KOR,2020.0,0,0,0,0,0,12.0,12.0,54891.0,8343.0,True,1.0,True
KOR,2018.0,0,0,0,0,0,12.0,12.0,54891.0,8343.0,True,1.0,True
KWT,2024.0,0,0,0,0,0,2.0,2.0,1735.0,289.0,True,1.0,True
LBR,2016.0,0,0,0,0,0,14.0,14.0,4336.0,1545.0,True,1.0,True
LKA,2021.0,0,0,0,0,0,8.0,8.0,489.0,81.0,True,1.0,True
LSO,2023.0,0,0,0,0,0,2.0,2.0,660.0,102.0,True,1.0,True
LTU,2021.0,0,0,0,0,0,5.0,5.0,2644.0,640.0,True,1.0,True
LUX,2024.0,0,0,0,0,0,7.0,7.0,10682.0,1319.0,True,1.0,True
LVA,2024.0,0,0,0,0,0,10.0,10.0,13534.0,2356.0,True,1.0,True
LVA,2016.0,1,1,0,0,0,10.0,10.0,13534.0,2356.0,True,1.0,True
MAR,2020.0,0,0,0,0,0,5.0,5.0,5980.0,2016.0,True,1.0,True
MDA,2018.0,5,5,0,0,0,11.0,11.0,147159.0,26278.0,True,1.0,True
MDA,2021.0,0,0,0,0,0,11.0,11.0,147159.0,26278.0,True,1.0,True
MDG,,673,0,686,0,0,4.0,4.0,3371.0,396.0,True,1.0,True
MDG,2024.0,0,0,0,0,0,4.0,4.0,3371.0,396.0,True,1.0,True
MDV,2024.0,2,2,0,0,0,16.0,16.0,88805.0,15288.0,True,1.0,True
MDV,2021.0,0,0,0,0,0,16.0,16.0,88805.0,15288.0,True,1.0,True
MEX,2021.0,0,0,0,0,0,10.0,10.0,98696.0,14246.0,True,1.0,True
MEX,2019.0,0,0,0,0,0,10.0,10.0,98696.0,14246.0,True,1.0,True
MKD,2022.0,0,0,0,0,0,6.0,6.0,8756.0,1551.0,True,1.0,True
MNE,2019.0,0,0,0,0,0,13.0,13.0,30896.0,4139.0,True,1.0,True
MNG,2024.0,0,0,0,0,0,5.0,5.0,9156.0,1512.0,True,1.0,True
MOZ,2024.0,0,0,0,0,0,1.0,1.0,279.0,45.0,True,1.0,True
MRT,2022.0,55,55,0,0,0,6.0,6.0,8251.0,1091.0,True,1.0,True
MRT,2023.0,0,0,0,0,0,6.0,6.0,8251.0,1091.0,True,1.0,True
MYS,2024.0,0,0,0,0,0,,,,,,,
NER,2024.0,39,39,0,0,0,4.0,4.0,253.0,34.0,True,1.0,True
NGA,2023.0,0,0,0,0,0,3.0,3.0,1817.0,364.0,True,1.0,True
NLD,2022.0,0,0,0,0,0,14.0,14.0,7930.0,1371.0,True,1.0,True
NLD,2017.0,0,0,0,0,0,14.0,14.0,7930.0,1371.0,True,1.0,True
NLD,2016.0,0,0,0,0,0,14.0,14.0,7930.0,1371.0,True,1.0,True
NOR,2022.0,0,0,0,0,0,4.0,4.0,2153.0,418.0,True,1.0,True
NPL,2017.0,0,0,0,0,0,6.0,6.0,586.0,77.0,True,1.0,True
NZL,2016.0,300,300,0,0,0,22.0,22.0,1415.0,353.0,True,1.0,True
NZL,2024.0,0,0,0,0,0,22.0,22.0,1415.0,353.0,True,1.0,True
OMN,2023.0,0,0,0,0,0,5.0,5.0,16235.0,2540.0,True,1.0,True
PAK,2021.0,0,0,0,0,0,2.0,2.0,89.0,11.0,True,1.0,True
PAN,2022.0,0,0,0,0,0,15.0,15.0,120757.0,16393.0,True,1.0,True
PER,2024.0,0,0,0,0,0,7.0,7.0,245481.0,31415.0,True,1.0,True
PHL,2014.0,3436,3436,0,0,0,14.0,14.0,189732.0,18761.0,True,1.0,True
PHL,2024.0,22,22,0,0,0,14.0,14.0,189732.0,18761.0,True,1.0,True
POL,2022.0,0,0,0,0,0,8.0,8.0,51686.0,7761.0,True,1.0,True
POL,2022.0,5,5,0,0,0,8.0,8.0,51686.0,7761.0,True,1.0,True
PRK,2024.0,0,0,0,0,0,3.0,3.0,14684.0,2385.0,True,1.0,True
PRT,2022.0,0,0,0,0,0,6.0,6.0,3744.0,601.0,True,1.0,True
PRY,2024.0,0,0,0,0,0,5.0,5.0,10925.0,1570.0,True,1.0,True
PSE,2019.0,0,0,0,0,0,6.0,6.0,683.0,176.0,True,1.0,True
QAT,2024.0,0,0,0,0,0,13.0,13.0,32964.0,7518.0,True,1.0,True
ROU,2022.0,0,0,0,0,0,13.0,13.0,48089.0,8095.0,True,1.0,True
RUS,2009.0,644,644,0,0,0,25.0,25.0,288782.0,48314.0,True,1.0,True
RUS,2017.0,0,0,0,0,0,25.0,25.0,288782.0,48314.0,True,1.0,True
RWA,2019.0,0,0,0,0,0,8.0,8.0,5027.0,718.0,True,1.0,True
RWA,2022.0,0,0,0,0,0,8.0,8.0,5027.0,718.0,True,1.0,True
SAU,2024.0,0,0,0,0,0,2.0,2.0,190.0,29.0,True,1.0,True
SGP,2018.0,1,1,0,0,0,18.0,18.0,15987.0,3305.0,True,1.0,True
SLE,2024.0,0,0,0,0,0,3.0,3.0,5741.0,711.0,True,1.0,True
SLV,2023.0,0,0,0,0,0,6.0,6.0,147920.0,20633.0,True,1.0,True
SLV,2023.0,0,0,0,0,0,6.0,6.0,147920.0,20633.0,True,1.0,True
SOM,2024.0,0,0,0,0,0,1.0,1.0,5126.0,845.0,True,1.0,True
SRB,2015.0,1,1,0,0,0,21.0,21.0,81517.0,14955.0,True,1.0,True
SRB,2022.0,0,0,0,0,0,21.0,21.0,81517.0,14955.0,True,1.0,True
SUR,2022.0,0,0,0,0,0,5.0,5.0,90163.0,11939.0,True,1.0,True
SVK,2013.0,66,66,0,0,0,16.0,16.0,16436.0,2711.0,True,1.0,True
SVK,2011.0,0,0,0,0,0,16.0,16.0,16436.0,2711.0,True,1.0,True
SVN,2021.0,0,0,0,0,0,6.0,6.0,22924.0,4080.0,True,1.0,True
SWE,2024.0,0,0,0,0,0,11.0,11.0,577.0,93.0,True,1.0,True
SYC,2013.0,0,0,0,0,0,15.0,15.0,16084.0,2941.0,True,1.0,True
SYC,2017.0,9,9,0,0,0,15.0,15.0,16084.0,2941.0,True,1.0,True
SYR,2022.0,0,0,0,0,0,12.0,12.0,163160.0,26820.0,True,1.0,True
SYR,2021.0,0,0,0,0,0,12.0,12.0,163160.0,26820.0,True,1.0,True
TGO,2022.0,0,0,0,0,0,1.0,1.0,157.0,12.0,True,1.0,True
TJK,2023.0,0,0,0,0,0,20.0,20.0,423835.0,53236.0,True,1.0,True
TJK,2024.0,0,0,0,0,0,20.0,20.0,423835.0,53236.0,True,1.0,True
TKM,2019.0,0,0,0,0,0,9.0,9.0,39658.0,5703.0,True,1.0,True
TLS,2024.0,305,305,0,0,0,15.0,15.0,23490.0,3596.0,True,1.0,True
TTO,2022.0,0,0,0,0,0,10.0,10.0,8135.0,1818.0,True,1.0,True
TTO,2020.0,0,0,0,0,0,10.0,10.0,8135.0,1818.0,True,1.0,True
TUR,2017.0,0,0,0,0,0,11.0,11.0,847615.0,111256.0,True,1.0,True
TWN,2003.0,0,0,0,0,0,18.0,18.0,60892.0,8675.0,True,1.0,True
TWN,2024.0,0,0,0,0,0,18.0,18.0,60892.0,8675.0,True,1.0,True
TZA,2018.0,0,0,0,0,0,11.0,11.0,18403.0,2387.0,True,1.0,True
TZA,2024.0,0,0,0,0,0,11.0,11.0,18403.0,2387.0,True,1.0,True
UGA,2022.0,1,1,0,0,0,4.0,4.0,9022.0,1010.0,True,1.0,True
UKR,2023.0,0,0,0,0,0,13.0,13.0,180471.0,31017.0,True,1.0,True
UKR,2024.0,0,0,0,0,0,13.0,13.0,180471.0,31017.0,True,1.0,True
URY,2013.0,0,0,0,0,0,16.0,16.0,154111.0,28463.0,True,1.0,True
URY,2014.0,0,0,0,0,0,16.0,16.0,154111.0,28463.0,True,1.0,True
USA,2022.0,0,0,0,0,0,24.0,24.0,66228.0,10902.0,True,1.0,True
USA,2007.0,0,0,0,0,0,24.0,24.0,66228.0,10902.0,True,1.0,True
USA,2024.0,0,0,0,0,0,24.0,24.0,66228.0,10902.0,True,1.0,True
USA,2018.0,0,0,0,0,0,24.0,24.0,66228.0,10902.0,True,1.0,True
USA,2011.0,0,0,0,0,0,24.0,24.0,66228.0,10902.0,True,1.0,True
USA,2011.0,0,0,0,0,0,24.0,24.0,66228.0,10902.0,True,1.0,True
USA,2022.0,0,0,0,0,0,24.0,24.0,66228.0,10902.0,True,1.0,True
USA,2020.0,1,1,0,0,0,24.0,24.0,66228.0,10902.0,True,1.0,True
USA,2004.0,1059,1059,0,0,0,24.0,24.0,66228.0,10902.0,True,1.0,True
UZB,2023.0,0,0,0,0,0,9.0,9.0,121777.0,19571.0,True,1.0,True
UZB,2019.0,0,0,0,0,0,9.0,9.0,121777.0,19571.0,True,1.0,True
VCT,2024.0,0,0,0,0,0,11.0,11.0,1293.0,241.0,True,0.0,False
VEN,2023.0,0,0,0,0,0,7.0,7.0,10853.0,1612.0,True,1.0,True
VNM,2022.0,0,0,0,0,0,2.0,2.0,70.0,14.0,True,1.0,True
WSM,2022.0,7,7,0,0,0,9.0,9.0,5381.0,897.0,True,0.0,False
XKX,2024.0,0,0,0,0,0,3.0,3.0,4487.0,588.0,True,1.0,True
YEM,2021.0,0,0,0,0,0,6.0,6.0,146.0,41.0,True,1.0,True
ZAF,2013.0,0,0,0,0,0,7.0,7.0,106.0,28.0,True,1.0,True
